timestamp,AX_g,AY_g,AZ_g,GX_dps,GY_dps,GZ_dps
18:01:08.842,0.079,0.984,0.116,-2.130,-1.679,2.237
18:01:09.043,0.090,0.985,0.112,-2.084,-1.634,2.336
18:01:09.245,0.086,0.980,0.110,-2.252,-1.595,1.870
18:01:09.445,0.083,0.984,0.112,-2.092,-1.458,2.412
18:01:09.650,0.084,0.985,0.118,-2.328,-1.595,2.061
18:01:09.851,0.084,0.985,0.107,-2.031,-1.595,2.176
18:01:10.054,0.081,0.989,0.107,-2.565,-1.397,2.160
18:01:10.256,0.083,0.984,0.107,-2.198,-1.733,2.290
18:01:10.454,0.085,0.987,0.108,-2.267,-1.504,2.260
18:01:10.660,0.086,0.985,0.116,-2.374,-1.473,2.321
18:01:10.861,0.078,0.987,0.113,-2.351,-1.763,2.221
18:01:11.064,0.082,0.983,0.106,-2.137,-1.496,2.015
18:01:11.266,0.079,0.996,0.130,-2.336,-1.412,2.435
18:01:11.468,0.083,0.978,0.102,-2.053,-1.412,1.985
18:01:11.669,0.083,0.993,0.124,-2.351,-1.718,2.244
18:01:11.865,0.078,0.990,0.116,-2.298,-1.382,2.237
18:01:12.073,0.079,0.985,0.117,-2.366,-1.702,2.237
18:01:12.275,0.086,0.987,0.116,-2.458,-1.779,2.015
18:01:12.475,0.084,0.985,0.118,-2.366,-1.473,2.084
18:01:12.674,0.084,0.986,0.109,-2.260,-1.634,2.145
18:01:12.881,0.080,0.985,0.114,-2.237,-1.557,2.130
18:01:13.084,0.078,0.988,0.114,-2.450,-1.382,2.107
18:01:13.286,0.085,0.984,0.112,-2.046,-1.435,2.206
18:01:13.484,0.083,0.989,0.115,-2.496,-1.489,1.931
18:01:13.688,0.076,0.992,0.115,-2.321,-1.481,2.099
18:01:13.892,0.074,0.993,0.118,-2.527,-1.580,2.099
18:01:14.094,0.081,0.990,0.111,-2.565,-1.603,1.916
18:01:14.296,0.076,0.987,0.121,-2.313,-1.634,2.160
18:01:14.498,0.083,0.990,0.106,-2.359,-1.550,2.038
18:01:14.700,0.077,0.979,0.113,-2.221,-1.504,2.115
18:01:14.902,0.082,0.982,0.118,-2.298,-1.496,2.183
18:01:15.104,0.079,0.989,0.112,-2.611,-1.649,2.031
18:01:15.305,0.081,0.984,0.117,-2.061,-1.740,2.107
18:01:15.504,0.082,0.982,0.117,-2.267,-1.557,2.137
18:01:15.704,0.083,0.981,0.110,-2.206,-1.466,2.031
18:01:15.912,0.038,1.003,0.017,57.153,-44.435,107.176
18:01:16.114,0.109,0.981,0.097,-1.183,-2.382,6.496
18:01:16.316,0.111,0.979,0.127,-1.267,0.221,3.328
18:01:16.518,0.052,0.979,0.082,10.290,-6.603,12.458
18:01:16.720,0.077,0.940,0.150,-15.290,3.756,54.824
18:01:16.921,0.192,0.881,0.211,-40.092,-3.489,-17.008
18:01:17.124,0.264,0.873,0.252,-49.313,120.893,59.000
18:01:17.325,0.204,0.996,0.285,-20.595,-38.092,-7.046
18:01:17.526,0.015,0.667,0.433,7.740,-6.649,14.916
18:01:17.724,0.468,0.994,0.146,-49.015,26.160,-5.870
18:01:17.932,0.046,0.451,0.587,-3.115,93.481,72.260
18:01:18.134,0.193,0.837,0.338,108.695,-47.168,-41.817
18:01:18.334,0.230,1.087,0.178,-12.878,-27.687,5.672
18:01:18.538,0.350,0.399,0.174,-32.542,0.947,-21.344
18:01:18.738,0.096,1.215,0.156,41.878,1.901,16.756
18:01:18.938,0.097,0.977,0.126,-12.748,0.687,-11.771
18:01:19.144,0.081,0.976,0.132,-4.420,-1.855,0.779
18:01:19.346,0.086,0.992,0.132,-5.618,-0.626,-2.626
18:01:19.548,0.049,0.933,0.169,-8.611,0.260,-6.802
18:01:19.745,0.098,0.991,0.141,-6.015,-0.206,-8.260
18:01:19.949,0.080,0.985,0.141,-0.466,-4.359,9.840
18:01:20.153,0.262,0.981,0.064,2.305,-0.046,3.275
18:01:20.355,0.074,0.961,0.165,-14.282,-0.275,-4.221
18:01:20.554,0.091,0.984,0.155,-3.405,-1.336,0.832
18:01:20.755,0.084,0.985,0.151,-2.099,-1.328,2.992
18:01:20.956,0.086,0.986,0.150,-2.695,-1.901,1.817
18:01:21.164,0.092,0.984,0.145,-1.733,-2.084,2.969
18:01:21.364,0.570,1.066,0.068,-154.366,-51.656,-106.794
18:01:21.566,-0.116,0.321,0.519,72.473,22.389,-1.176
18:01:21.770,0.055,0.868,0.178,70.275,-14.809,50.802
18:01:21.971,0.255,1.401,0.278,-18.824,-4.412,75.198
18:01:22.174,0.196,0.822,0.187,-22.939,-26.740,-19.802
18:01:22.375,0.287,1.401,0.121,-45.687,13.038,-22.817
18:01:22.575,0.125,1.032,0.159,8.099,-6.550,4.664
18:01:22.774,0.128,0.983,0.149,3.305,-3.542,6.557
18:01:22.982,0.146,0.985,0.138,2.885,0.725,5.939
18:01:23.184,0.142,0.997,0.129,-4.656,-2.740,2.137
18:01:23.384,0.110,0.997,0.151,-4.053,1.771,2.153
18:01:23.584,0.123,0.992,0.148,-3.366,-1.282,2.588
18:01:23.789,0.116,0.984,0.139,-5.947,-2.893,1.985
18:01:23.992,0.131,0.994,0.123,-5.290,-1.397,2.031
18:01:24.194,0.114,0.965,0.146,-2.847,-1.924,1.733
18:01:24.396,0.128,0.967,0.149,1.183,-2.084,3.618
18:01:24.598,0.115,0.974,0.152,-3.504,-2.344,1.527
18:01:24.800,0.132,0.976,0.134,0.122,-2.672,4.847
18:01:25.002,0.110,0.976,0.141,-5.344,-0.504,0.542
18:01:25.204,0.133,0.986,0.151,-2.191,-2.061,1.924
18:01:25.406,0.117,0.999,0.141,-0.015,-2.244,2.794
18:01:25.604,0.140,0.989,0.127,-1.435,8.137,3.160
18:01:25.809,0.109,0.965,0.108,-0.733,-15.924,-5.344
18:01:26.005,0.114,0.985,0.119,-1.504,-1.336,-3.298
18:01:26.214,0.099,0.968,0.126,-3.794,0.084,2.947
18:01:26.415,0.100,0.978,0.138,-3.405,-0.237,0.588
18:01:26.618,0.171,0.875,0.144,-57.618,19.053,17.031
18:01:26.815,0.062,1.013,0.235,21.061,10.115,-4.779
18:01:27.022,0.137,0.708,0.230,-80.046,-19.771,18.214
18:01:27.224,0.699,1.625,-0.195,-155.015,2.366,-32.015
18:01:27.425,0.209,0.266,0.552,122.214,11.565,75.863
18:01:27.628,-0.061,0.794,0.353,-4.489,-2.137,14.405
18:01:27.830,0.058,0.976,0.200,-2.878,-1.336,1.374
18:01:28.032,0.056,0.964,0.196,-3.855,-2.290,2.305
18:01:28.234,0.062,0.968,0.200,-2.992,-2.130,1.626
18:01:28.436,0.061,0.967,0.204,-1.885,-1.878,2.939
18:01:28.638,0.059,0.973,0.205,-3.786,-1.443,1.221
18:01:28.838,0.067,0.974,0.203,-2.695,-0.870,1.985
18:01:29.035,0.059,0.971,0.197,0.511,-1.366,3.992
18:01:29.244,0.079,0.980,0.198,1.542,-0.443,3.198
18:01:29.445,0.076,0.979,0.184,-2.061,-1.321,1.969
18:01:29.648,0.077,0.974,0.186,-3.550,-1.794,1.427
18:01:29.850,0.077,0.975,0.180,-3.916,-1.969,1.359
18:01:30.044,0.039,0.995,0.198,0.176,-8.328,5.290
18:01:30.254,-0.010,0.969,0.154,13.481,-22.489,-4.870
18:01:30.455,-0.084,1.000,0.283,-79.595,77.412,-9.466
18:01:30.658,0.077,0.979,0.188,25.511,-5.748,2.015
18:01:30.855,0.067,0.827,0.269,17.053,9.053,15.275
18:01:31.055,0.276,0.230,0.185,-23.656,29.061,10.229
18:01:31.264,0.064,0.950,0.172,-3.939,-0.779,0.206
18:01:31.464,0.073,0.964,0.183,-2.053,-1.931,3.427
18:01:31.668,0.079,0.977,0.187,-1.992,-1.374,2.885
18:01:31.870,0.079,0.976,0.183,-2.099,-1.748,2.977
18:01:32.066,0.079,0.976,0.182,-2.473,-1.725,1.962
18:01:32.274,0.082,0.977,0.181,-2.015,-1.321,2.099
18:01:32.476,0.071,0.976,0.187,-2.305,-1.336,2.069
18:01:32.675,0.082,0.981,0.183,-2.771,-1.435,0.977
18:01:32.874,0.073,0.970,0.174,-3.244,-2.069,2.061
18:01:33.082,0.077,0.969,0.184,-2.237,-1.420,2.176
18:01:33.284,0.079,0.977,0.184,-2.328,-1.443,2.366
18:01:33.484,0.081,0.976,0.179,-2.672,-1.832,2.603
18:01:33.688,0.079,0.979,0.179,-2.183,-1.695,2.244
18:01:33.890,0.083,0.976,0.182,-2.023,-1.527,2.145
18:01:34.085,0.075,0.980,0.184,-2.397,-1.725,1.939
18:01:34.294,0.077,0.975,0.183,-2.779,-1.412,2.168
18:01:34.496,0.089,0.977,0.182,17.519,5.885,11.450
18:01:34.695,0.106,0.988,0.127,-0.817,-0.893,3.458
18:01:34.900,0.113,0.983,0.126,-1.870,-1.282,2.427
18:01:35.099,0.103,0.984,0.115,-1.992,-1.496,2.282
18:01:35.304,0.107,0.987,0.113,-2.122,-1.565,2.672
18:01:35.506,0.112,0.984,0.115,-2.275,-1.473,2.176
18:01:35.705,0.111,0.987,0.118,-2.153,-1.511,2.397
18:01:35.910,0.118,0.985,0.117,-2.168,-1.496,2.015
18:01:36.112,0.119,0.985,0.110,-2.244,-1.504,2.374
18:01:36.314,0.118,0.988,0.115,-2.244,-1.359,2.389
18:01:36.516,0.112,0.981,0.110,-2.198,-1.412,2.420
18:01:36.718,0.114,0.982,0.124,-2.260,-1.809,2.168
18:01:36.920,0.115,0.982,0.103,-2.076,-1.626,2.336
18:01:37.122,0.111,0.984,0.113,-2.305,-1.649,2.198
18:01:37.324,0.114,0.979,0.112,-2.137,-1.588,2.290
18:01:37.525,0.117,0.982,0.112,-2.107,-1.557,2.053
18:01:37.725,0.117,0.983,0.112,-2.046,-1.450,2.221
18:01:37.930,0.116,0.982,0.115,-2.229,-1.511,2.191
18:01:38.132,0.117,0.985,0.104,-2.183,-1.527,2.282
18:01:38.334,0.111,0.987,0.109,-2.107,-1.802,2.046
18:01:38.534,0.120,0.983,0.100,-2.405,-1.580,2.031
18:01:38.738,0.119,0.986,0.107,-2.221,-1.450,2.214
18:01:38.935,0.116,0.980,0.107,-2.458,-1.527,2.084
18:01:39.142,0.121,0.987,0.108,-2.244,-1.702,2.130
18:01:39.344,0.120,0.985,0.110,-2.290,-1.313,2.389
18:01:39.546,0.125,0.988,0.111,-2.267,-1.786,2.076
18:01:39.748,0.116,0.986,0.106,-2.313,-1.634,2.168
18:01:39.950,0.120,0.980,0.112,-2.183,-1.588,2.298
18:01:40.144,0.122,0.982,0.107,-2.275,-1.550,2.206
18:01:40.354,0.127,0.990,0.101,-2.290,-1.511,2.260
18:01:40.555,0.113,0.981,0.115,-2.473,-1.344,2.084
18:01:40.754,0.120,0.988,0.112,-2.305,-1.344,2.145
18:01:40.955,0.121,0.988,0.108,-2.206,-1.863,2.626
18:01:41.156,0.122,0.980,0.103,-1.992,-1.618,2.008
18:01:41.364,0.117,0.986,0.101,-2.282,-1.397,2.145
18:01:41.566,0.118,0.982,0.108,-2.458,-1.626,2.046
18:01:41.768,0.115,0.985,0.100,-2.321,-1.656,2.366
18:01:41.970,0.120,0.988,0.112,-2.260,-1.779,2.290
18:01:42.172,0.113,0.983,0.115,-2.275,-1.725,2.427
18:01:42.374,0.120,0.985,0.108,-2.298,-1.015,1.687
18:01:42.575,0.121,0.985,0.115,-2.168,-1.557,1.908
18:01:42.776,0.116,0.978,0.108,-2.237,-1.664,1.931
18:01:42.974,0.125,0.980,0.099,-2.145,-1.466,2.252
18:01:43.175,0.117,0.982,0.110,-2.198,-1.702,2.038
18:01:43.384,0.114,0.987,0.101,-2.687,-1.351,1.794
18:01:43.586,0.118,0.982,0.114,-2.351,-1.878,2.145
18:01:43.786,0.116,0.984,0.117,-2.229,-1.588,2.519
18:01:43.985,0.115,0.988,0.109,-2.252,-1.435,2.466
18:01:44.192,0.126,0.981,0.104,-2.321,-1.137,2.115
18:01:44.394,0.123,0.986,0.110,-2.191,-1.626,2.015
18:01:44.596,0.121,0.981,0.112,-1.992,-1.519,2.000
18:01:44.796,0.120,0.985,0.103,-2.260,-1.672,2.176
18:01:44.995,0.119,0.977,0.110,-2.443,-1.595,2.099
18:01:45.200,0.119,0.986,0.105,-2.397,-1.496,2.031
18:01:45.404,0.119,0.980,0.103,-2.176,-1.603,2.305
18:01:45.605,0.125,0.982,0.104,-2.519,-1.473,2.603
18:01:45.809,0.126,0.988,0.109,-2.298,-1.542,1.824
18:01:46.005,0.117,0.989,0.109,-2.534,-1.489,2.328
18:01:46.205,0.119,0.989,0.112,-2.176,-1.450,1.908
18:01:46.414,0.122,0.983,0.107,-2.237,-1.382,1.756
18:01:46.616,0.117,0.989,0.110,-2.153,-1.832,2.496
18:01:46.815,0.113,0.982,0.114,-2.130,-1.489,2.260
18:01:47.015,0.125,0.990,0.116,-2.244,-1.435,2.115
18:01:47.221,0.124,0.979,0.104,-2.298,-1.779,2.206
18:01:47.424,0.119,0.987,0.105,-2.313,-1.450,2.519
18:01:47.625,0.123,0.983,0.104,-2.183,-1.763,2.504
18:01:47.826,0.114,0.988,0.104,-2.145,-1.321,2.183
18:01:48.030,0.124,0.985,0.098,-2.328,-1.466,2.229
18:01:48.233,0.121,0.984,0.111,-2.282,-1.580,2.023
18:01:48.434,0.114,0.983,0.104,-2.336,-1.595,2.473
18:01:48.634,0.121,0.987,0.108,-2.313,-1.405,2.031
18:01:48.836,0.124,0.985,0.103,-2.412,-1.420,1.779
18:01:49.035,0.123,0.985,0.108,-2.344,-1.412,2.221
18:01:49.238,0.120,0.985,0.110,-2.305,-1.656,2.137
18:01:49.444,0.122,0.979,0.104,-2.382,-1.458,2.160
18:01:49.646,0.125,0.987,0.108,-2.168,-1.420,1.878
18:01:49.845,0.122,0.985,0.099,-2.282,-1.649,2.168
18:01:50.044,0.127,0.988,0.114,-2.489,-1.687,2.344
18:01:50.244,0.122,0.982,0.114,-2.443,-1.710,2.305
18:01:50.454,0.121,0.983,0.106,-2.267,-1.626,2.252
18:01:50.656,0.124,0.983,0.104,-2.313,-1.725,2.573
18:01:50.859,0.118,0.981,0.102,-2.359,-1.763,2.244
18:01:51.055,0.125,0.982,0.112,-2.198,-1.656,2.153
18:01:51.255,0.120,0.986,0.112,-2.275,-1.511,2.382
18:01:51.465,0.118,0.979,0.105,-2.389,-1.389,2.298
18:01:51.666,0.120,0.985,0.112,-2.359,-1.779,2.160
18:01:51.868,0.121,0.991,0.103,-2.176,-1.534,2.099
18:01:52.070,0.124,0.981,0.104,-2.450,-1.527,2.183
18:01:52.272,0.116,0.984,0.105,-2.260,-1.626,2.153
18:01:52.474,0.119,0.983,0.104,-2.427,-1.466,2.260
18:01:52.676,0.121,0.984,0.113,-2.260,-1.756,2.221
18:01:52.874,0.117,0.988,0.108,-2.298,-1.519,1.947
18:01:53.074,0.124,0.980,0.109,-2.527,-1.374,2.076
18:01:53.276,0.119,0.986,0.115,-2.130,-1.794,2.237
18:01:53.484,0.124,0.986,0.118,-2.191,-1.458,2.206
18:01:53.684,0.124,0.980,0.099,-2.244,-1.580,2.244
18:01:53.888,0.126,0.986,0.108,-2.481,-1.496,1.809
18:01:54.085,0.124,0.984,0.104,-2.466,-1.496,2.076
18:01:54.285,0.121,0.984,0.102,-2.206,-1.565,2.221
18:01:54.494,0.115,0.987,0.107,-2.366,-1.626,2.282
18:01:54.697,0.117,0.989,0.095,-2.183,-1.282,1.939
18:01:54.895,0.127,0.989,0.103,-2.336,-1.580,2.122
18:01:55.094,0.123,0.981,0.108,-2.351,-1.580,2.275
18:01:55.294,0.122,0.984,0.102,-2.008,-1.420,2.275
18:01:55.504,0.125,0.986,0.110,-2.328,-1.168,2.366
18:01:55.704,0.124,0.990,0.114,-2.298,-1.588,2.725
18:01:55.908,0.114,0.977,0.106,-1.954,-1.809,2.420
18:01:56.111,0.122,0.989,0.110,-2.321,-1.366,2.740
18:01:56.312,0.125,0.984,0.115,-2.328,-1.550,1.969
18:01:56.514,0.122,0.979,0.110,-2.382,-1.718,2.191
18:01:56.716,0.120,0.986,0.116,-2.252,-1.405,2.092
18:01:56.919,0.123,0.987,0.112,-2.160,-1.427,2.221
18:01:57.121,0.131,0.983,0.103,-2.351,-1.298,2.412
18:01:57.323,0.116,0.975,0.104,-2.176,-1.565,2.038
18:01:57.524,0.118,0.983,0.103,-2.290,-1.504,2.137
18:01:57.727,0.114,0.980,0.104,-2.382,-1.634,1.985
18:01:57.928,0.121,0.984,0.101,-2.137,-1.344,2.237
18:01:58.131,0.121,0.980,0.101,-2.466,-1.550,2.122
18:01:58.333,0.121,0.985,0.105,-2.153,-1.977,2.267
18:01:58.535,0.116,0.987,0.121,-2.313,-1.504,2.023
18:01:58.737,0.123,0.987,0.106,-2.344,-1.511,1.992
18:01:58.939,0.125,0.984,0.103,-2.359,-1.496,2.130
18:01:59.136,0.120,0.985,0.110,-2.458,-1.595,2.260
18:01:59.336,0.124,0.983,0.108,-2.214,-1.420,2.145
18:01:59.544,0.122,0.992,0.110,-2.290,-1.771,2.359
18:01:59.746,0.121,0.988,0.110,-2.191,-1.336,2.313
18:01:59.948,0.121,0.983,0.103,-2.267,-1.527,2.260
18:02:00.151,0.122,0.990,0.110,-2.038,-1.580,2.046
18:02:00.353,0.123,0.984,0.105,-2.153,-1.229,2.092
18:02:00.554,0.123,0.983,0.110,-2.359,-1.412,1.992
18:02:00.756,0.126,0.982,0.104,-2.344,-1.855,2.176
18:02:00.957,0.123,0.985,0.103,-2.328,-1.649,2.092
18:02:01.161,0.128,0.986,0.102,-2.206,-1.298,1.962
18:02:01.355,0.127,0.984,0.109,-2.183,-1.733,2.107
18:02:01.564,0.124,0.985,0.115,-2.321,-1.656,2.237
18:02:01.767,0.120,0.980,0.110,-2.351,-1.649,2.412
18:02:01.968,0.120,0.986,0.111,-2.069,-1.740,1.977
18:02:02.171,0.128,0.982,0.105,-2.115,-1.649,2.305
18:02:02.373,0.124,0.983,0.110,-2.229,-1.618,2.023
18:02:02.575,0.122,0.986,0.110,-2.351,-1.450,2.221
18:02:02.775,0.127,0.983,0.103,-2.420,-1.588,2.122
18:02:02.979,0.126,0.986,0.105,-2.282,-1.511,1.947
18:02:03.180,0.125,0.988,0.100,-2.351,-1.550,2.214
18:02:03.375,0.122,0.984,0.103,-2.160,-1.534,2.076
18:02:03.584,0.125,0.984,0.099,-2.412,-1.351,2.252
18:02:03.787,0.117,0.984,0.110,-2.298,-1.656,2.313
18:02:03.988,0.125,0.988,0.101,-2.046,-1.565,2.008
18:02:04.190,0.119,0.979,0.103,-2.412,-1.740,1.855
18:02:04.389,0.124,0.984,0.103,-2.267,-1.412,2.107
18:02:04.594,0.117,0.986,0.112,-2.282,-1.481,2.221
18:02:04.796,0.123,0.986,0.109,-2.313,-1.481,2.328
18:02:04.995,0.122,0.982,0.103,-2.183,-1.557,2.046
18:02:05.201,0.119,0.987,0.103,-2.344,-1.504,2.115
18:02:05.401,0.129,0.985,0.103,-2.412,-1.611,2.076
18:02:05.604,0.122,0.981,0.111,-2.206,-1.664,2.076
18:02:05.807,0.126,0.988,0.111,-2.374,-1.618,1.939
18:02:06.008,0.126,0.985,0.110,-2.267,-1.191,1.969
18:02:06.205,0.118,0.989,0.102,-2.305,-1.779,1.962
18:02:06.405,0.121,0.987,0.104,-2.427,-1.550,2.122
18:02:06.614,0.119,0.984,0.108,-2.305,-1.641,2.191
18:02:06.815,0.115,0.982,0.101,-2.282,-1.450,2.298
18:02:07.015,0.119,0.985,0.108,-2.015,-1.511,2.198
18:02:07.220,0.123,0.982,0.106,-2.191,-1.595,1.954
18:02:07.416,0.132,0.987,0.104,-2.076,-1.527,2.366
18:02:07.624,0.123,0.988,0.114,-2.176,-1.679,2.183
18:02:07.825,0.122,0.989,0.100,-2.046,-1.290,1.985
18:02:08.024,0.122,0.986,0.105,-2.420,-1.496,2.260
18:02:08.230,0.117,0.984,0.108,-2.221,-1.672,2.099
18:02:08.433,0.121,0.979,0.111,-2.176,-1.618,2.176
18:02:08.634,0.122,0.982,0.105,-2.267,-1.740,2.191
18:02:08.834,0.122,0.979,0.108,-2.359,-1.641,2.397
18:02:09.035,0.119,0.988,0.095,-2.450,-1.763,2.099
18:02:09.236,0.131,0.990,0.092,-2.176,-1.565,2.412
18:02:09.435,0.124,0.984,0.096,-2.351,-1.786,2.122
18:02:09.644,0.119,0.984,0.112,-2.282,-1.481,2.069
18:02:09.845,0.122,0.988,0.101,-2.336,-1.458,2.031
18:02:10.045,0.123,0.983,0.114,-2.344,-1.664,2.053
18:02:10.250,0.120,0.979,0.113,-2.450,-1.534,2.130
18:02:10.452,0.127,0.989,0.109,-2.282,-1.550,2.031
18:02:10.654,0.120,0.983,0.100,-2.466,-1.550,2.298
18:02:10.854,0.117,0.985,0.113,-2.328,-1.733,2.107
18:02:11.059,0.120,0.983,0.112,-2.397,-1.443,1.908
18:02:11.258,0.132,0.988,0.111,-2.313,-1.420,1.763
18:02:11.455,0.120,0.986,0.104,-2.015,-1.542,2.053
18:02:11.664,0.125,0.982,0.104,-2.374,-1.351,2.046
18:02:11.865,0.125,0.989,0.108,-2.450,-1.527,2.366
18:02:12.065,0.125,0.984,0.111,-2.466,-1.763,2.313
18:02:12.265,0.119,0.978,0.107,-2.198,-1.565,2.153
18:02:12.464,0.125,0.985,0.109,-2.221,-1.489,1.962
18:02:12.674,0.120,0.989,0.110,-2.221,-1.656,2.496
18:02:12.875,0.127,0.988,0.110,-2.336,-1.695,2.496
18:02:13.074,0.123,0.985,0.119,-2.412,-1.603,2.191
18:02:13.281,0.122,0.982,0.102,-2.282,-1.496,2.336
18:02:13.483,0.125,0.980,0.109,-2.305,-1.580,1.954
18:02:13.684,0.117,0.984,0.105,-2.160,-1.634,2.214
18:02:13.886,0.125,0.983,0.112,-2.176,-1.557,2.214
18:02:14.086,0.121,0.983,0.112,-2.397,-1.618,1.992
18:02:14.285,0.128,0.980,0.106,-2.198,-1.595,2.099
18:02:14.493,0.125,0.982,0.097,-2.397,-1.664,2.389
18:02:14.695,0.124,0.987,0.116,-2.084,-1.771,2.397
18:02:14.895,0.124,0.981,0.106,-2.550,-1.687,2.496
18:02:15.095,0.127,0.981,0.103,-2.229,-1.718,2.122
18:02:15.294,0.124,0.983,0.106,-2.122,-1.702,2.267
18:02:15.503,0.124,0.977,0.105,-2.290,-1.557,2.160
18:02:15.704,0.123,0.980,0.108,-2.412,-1.718,2.099
18:02:15.904,0.121,0.977,0.106,-2.275,-1.565,2.084
18:02:16.105,0.125,0.979,0.111,-2.405,-2.031,2.634
18:02:16.306,0.129,0.988,0.106,-2.519,-1.847,2.382
18:02:16.513,0.123,0.981,0.104,-2.321,-1.748,2.489
18:02:16.714,0.117,0.992,0.100,-2.275,-1.748,2.275
18:02:16.915,0.123,0.981,0.120,-2.260,-1.420,2.260
18:02:17.119,0.123,0.979,0.101,-2.061,-1.931,1.809
18:02:17.320,0.126,0.984,0.107,-2.237,-1.580,2.046
18:02:17.523,0.128,0.984,0.111,-2.359,-1.656,2.275
18:02:17.725,0.124,0.988,0.104,-2.321,-1.366,2.214
18:02:17.925,0.128,0.985,0.108,-2.313,-1.733,2.550
18:02:18.128,0.121,0.986,0.104,-2.336,-1.496,2.374
18:02:18.325,0.123,0.984,0.101,-1.977,-1.496,2.076
18:02:18.533,0.120,0.985,0.102,-1.962,-1.832,2.282
18:02:18.734,0.125,0.991,0.108,-2.695,-1.382,2.328
18:02:18.935,0.127,0.981,0.111,-1.969,-1.672,2.076
18:02:19.136,0.117,0.988,0.109,-2.366,-1.664,2.260
18:02:19.337,0.118,0.981,0.104,-2.634,-1.481,1.908
18:02:19.537,0.121,0.981,0.101,-2.328,-1.718,2.145
18:02:19.745,0.126,0.977,0.104,-2.313,-1.580,2.313
18:02:19.945,0.124,0.986,0.110,-2.374,-1.573,2.275
18:02:20.145,0.126,0.986,0.104,-2.031,-1.466,1.863
18:02:20.344,0.122,0.980,0.109,-2.412,-1.618,2.084
18:02:20.553,0.128,0.982,0.098,-2.351,-1.702,2.115
18:02:20.754,0.126,0.983,0.109,-2.504,-1.458,2.023
18:02:20.954,0.127,0.986,0.111,-2.351,-1.710,2.305
18:02:21.155,0.124,0.984,0.104,-2.145,-1.473,1.740
18:02:21.355,0.131,0.986,0.111,-2.099,-1.298,1.954
18:02:21.563,0.132,0.982,0.108,-2.115,-1.618,2.046
18:02:21.764,0.123,0.985,0.101,-2.275,-1.840,2.221
18:02:21.965,0.126,0.985,0.108,-2.405,-1.565,2.672
18:02:22.165,0.127,0.980,0.100,-2.206,-1.321,2.221
18:02:22.365,0.119,0.988,0.106,-2.191,-1.397,2.122
18:02:22.564,0.121,0.978,0.105,-2.351,-1.580,2.359
18:02:22.774,0.124,0.984,0.101,-2.244,-1.450,1.969
18:02:22.975,0.127,0.986,0.101,-2.511,-1.595,2.176
18:02:23.179,0.123,0.988,0.101,-2.344,-1.702,2.542
18:02:23.375,0.123,0.984,0.105,-2.252,-1.481,1.924
18:02:23.583,0.122,0.983,0.104,-2.344,-1.527,2.412
18:02:23.785,0.125,0.988,0.106,-2.351,-1.725,2.710
18:02:23.987,0.125,0.983,0.107,-2.351,-1.740,2.427
18:02:24.186,0.121,0.978,0.113,-2.298,-1.450,2.092
18:02:24.391,0.115,0.986,0.111,-2.107,-1.427,2.130
18:02:24.593,0.120,0.983,0.106,-2.336,-1.687,2.237
18:02:24.794,0.122,0.987,0.109,-2.397,-1.626,2.313
18:02:24.995,0.126,0.985,0.100,-2.405,-1.313,1.992
18:02:25.195,0.122,0.983,0.111,-2.252,-1.656,2.290
18:02:25.394,0.122,0.979,0.104,-2.130,-1.618,2.443
18:02:25.603,0.126,0.985,0.101,-2.130,-1.748,2.733
18:02:25.805,0.123,0.983,0.101,-2.115,-1.557,2.260
18:02:26.007,0.128,0.981,0.103,-2.176,-1.550,2.244
18:02:26.205,0.123,0.980,0.094,-2.504,-1.511,2.206
18:02:26.406,0.126,0.986,0.116,-2.374,-1.542,2.168
18:02:26.613,0.130,0.984,0.112,-2.382,-1.023,2.023
18:02:26.815,0.125,0.983,0.095,-2.237,-1.168,1.695
18:02:27.016,0.125,0.983,0.106,-2.183,-1.740,2.321
18:02:27.215,0.124,0.985,0.103,-2.427,-1.756,2.198
18:02:27.415,0.125,0.986,0.092,-2.191,-1.611,2.115
18:02:27.623,0.126,0.989,0.096,-2.260,-1.382,1.947
18:02:27.824,0.115,0.987,0.102,-2.435,-1.710,2.679
18:02:28.025,0.122,0.984,0.100,-2.321,-1.405,1.718
18:02:28.229,0.128,0.984,0.106,-2.344,-1.305,1.840
18:02:28.425,0.129,0.992,0.104,-2.466,-1.870,2.015
18:02:28.633,0.122,0.981,0.101,-2.160,-1.550,1.412
18:02:28.834,0.129,0.983,0.111,-2.298,-1.740,2.153
18:02:29.037,0.127,0.984,0.100,-2.580,-1.168,1.885
18:02:29.235,0.130,0.985,0.104,-2.359,-1.374,2.313
18:02:29.441,0.131,0.985,0.107,-2.420,-1.649,2.221
18:02:29.634,0.121,0.985,0.105,-2.473,-1.710,2.267
18:02:29.845,0.121,0.981,0.105,-2.374,-1.779,2.122
18:02:30.045,0.122,0.984,0.102,-2.527,-1.588,2.191
18:02:30.245,0.129,0.981,0.102,-2.321,-1.565,2.160
18:02:30.444,0.126,0.987,0.104,-2.328,-1.840,1.985
18:02:30.653,0.124,0.984,0.094,-2.450,-1.672,2.313
18:02:30.854,0.119,0.987,0.104,-2.389,-1.718,2.443
18:02:31.054,0.128,0.984,0.112,-1.985,-1.603,2.496
18:02:31.255,0.129,0.980,0.103,-2.099,-1.511,1.908
18:02:31.455,0.131,0.986,0.108,-2.359,-1.489,2.115
18:02:31.663,0.126,0.990,0.115,-2.382,-1.893,1.954
18:02:31.865,0.125,0.979,0.110,-2.168,-1.351,2.137
18:02:32.065,0.126,0.986,0.103,-2.397,-1.794,2.351
18:02:32.269,0.124,0.983,0.102,-2.305,-1.519,2.519
18:02:32.464,0.128,0.984,0.109,-2.176,-1.237,1.534
18:02:32.673,0.123,0.982,0.095,-2.244,-1.496,2.168
18:02:32.875,0.117,0.980,0.104,-2.092,-2.115,2.237
18:02:33.075,0.121,0.981,0.098,-2.649,-1.336,2.344
18:02:33.274,0.123,0.978,0.104,-2.519,-0.908,1.908
18:02:33.476,0.121,0.990,0.112,-2.534,-1.275,1.687
18:02:33.683,0.125,0.978,0.109,-2.450,-1.420,2.244
18:02:33.885,0.125,0.986,0.100,-2.252,-1.687,2.252
18:02:34.086,0.125,0.983,0.103,-2.252,-1.534,2.053
18:02:34.286,0.125,0.988,0.102,-2.359,-1.641,2.145
18:02:34.486,0.126,0.990,0.099,-2.198,-1.565,1.977
18:02:34.693,0.122,0.988,0.106,-2.191,-1.534,2.160
18:02:34.894,0.130,0.982,0.098,-2.420,-1.534,1.954
18:02:35.095,0.128,0.987,0.104,-2.328,-1.618,2.092
18:02:35.299,0.122,0.987,0.108,-2.221,-1.679,2.382
18:02:35.495,0.130,0.979,0.104,-2.374,-1.748,2.046
18:02:35.703,0.131,0.980,0.110,-2.573,-1.290,1.863
18:02:35.905,0.131,0.985,0.106,-2.664,-1.847,2.382
18:02:36.107,0.124,0.984,0.094,-2.466,-1.702,2.229
18:02:36.309,0.129,0.984,0.105,-2.397,-1.718,2.702
18:02:36.511,0.128,0.992,0.102,-2.328,-1.275,2.252
18:02:36.713,0.119,0.991,0.098,-2.397,-1.962,2.038
18:02:36.914,0.123,0.978,0.108,-2.260,-1.588,2.237
18:02:37.115,0.124,0.989,0.105,-2.412,-1.641,2.260
18:02:37.319,0.121,0.981,0.111,-2.237,-1.664,2.145
18:02:37.521,0.134,0.979,0.100,-2.145,-1.328,1.870
18:02:37.723,0.124,0.988,0.105,-2.153,-1.504,2.214
18:02:37.925,0.125,0.986,0.101,-2.191,-1.603,2.107
18:02:38.127,0.122,0.981,0.111,-2.168,-2.229,1.885
18:02:38.329,0.134,0.984,0.102,-2.389,-0.962,2.198
18:02:38.531,0.121,0.988,0.109,-2.260,-1.641,1.924
18:02:38.733,0.124,0.984,0.106,-2.198,-1.473,2.389
18:02:38.935,0.124,0.985,0.103,-2.626,-1.260,1.901
18:02:39.137,0.128,0.974,0.103,-2.344,-1.229,1.992
18:02:39.337,0.129,0.979,0.102,-2.382,-1.412,2.282
18:02:39.541,0.126,0.980,0.109,-2.405,-1.634,2.229
18:02:39.743,0.124,0.984,0.104,-2.275,-1.679,2.237
18:02:39.945,0.127,0.977,0.099,-2.237,-1.374,2.107
18:02:40.147,0.126,0.982,0.099,-2.305,-1.588,2.252
18:02:40.349,0.123,0.986,0.103,-2.427,-1.191,1.931
18:02:40.551,0.118,0.988,0.099,-2.756,-1.382,1.908
18:02:40.753,0.114,0.994,0.102,-1.702,-1.840,2.031
18:02:40.955,0.117,0.979,0.106,-1.954,-2.931,3.580
18:02:41.157,0.137,0.983,0.100,-4.420,4.153,5.534
18:02:41.360,0.143,1.095,0.136,-12.603,-15.198,13.153
18:02:41.562,0.137,1.004,0.117,-0.313,-8.649,-17.237
18:02:41.763,0.103,0.977,0.124,-0.534,-1.695,3.771
18:02:41.965,0.109,0.989,0.120,-2.214,-1.847,3.176
18:02:42.167,0.115,0.985,0.116,-3.420,-1.511,0.794
18:02:42.369,0.100,0.984,0.113,-2.099,-1.527,2.405
18:02:42.571,0.102,0.981,0.119,-2.031,-1.481,1.641
18:02:42.773,0.097,0.997,0.117,-4.939,0.214,-4.000
18:02:42.975,0.114,0.990,0.120,-3.359,-1.321,0.863
18:02:43.177,0.097,0.978,0.116,-2.206,-1.771,2.046
18:02:43.379,0.110,0.984,0.120,-2.893,-1.282,1.176
18:02:43.582,0.104,0.987,0.129,-2.718,-1.649,1.885
18:02:43.783,0.121,0.981,0.134,-1.580,-1.611,2.527
18:02:43.985,0.106,0.988,0.126,-2.107,-1.534,2.137
18:02:44.187,0.096,0.989,0.114,-1.947,-1.626,2.260
18:02:44.386,0.108,0.995,0.120,-2.542,-1.237,1.527
18:02:44.592,0.099,0.983,0.110,-2.153,-1.496,1.954
18:02:44.793,0.079,0.982,0.135,-1.634,-1.672,4.260
18:02:44.995,0.099,0.981,0.128,-2.618,-1.344,1.679
18:02:45.198,0.107,0.983,0.115,-2.282,-1.634,2.076
18:02:45.400,0.107,0.986,0.116,-2.397,-1.382,1.893
18:02:45.601,0.102,0.982,0.118,-2.336,-1.450,2.244
18:02:45.803,0.100,0.974,0.119,-2.282,-1.565,2.053
18:02:46.006,0.102,0.982,0.116,-2.351,-1.588,2.282
18:02:46.207,0.094,0.984,0.120,-2.290,-1.725,2.153
18:02:46.410,0.110,0.986,0.123,-2.130,-1.794,2.214
18:02:46.610,0.099,0.987,0.123,-2.366,-1.489,2.115
18:02:46.813,0.101,0.984,0.121,-2.344,-1.511,2.183
18:02:47.015,0.099,0.990,0.113,-2.435,-1.595,2.069
18:02:47.215,0.100,0.982,0.125,-2.275,-1.672,2.214
18:02:47.419,0.098,0.986,0.112,-2.229,-1.588,2.214
18:02:47.620,0.103,0.984,0.118,-2.214,-1.580,2.183
18:02:47.823,0.110,0.991,0.124,-2.168,-1.626,2.359
18:02:48.026,0.104,0.979,0.114,-2.412,-1.611,2.298
18:02:48.224,0.100,0.979,0.115,-2.405,-1.450,2.000
18:02:48.424,0.100,0.986,0.120,-2.496,-1.611,1.947
18:02:48.626,0.104,0.987,0.118,-2.389,-1.550,2.275
18:02:48.833,0.099,0.986,0.122,-2.168,-1.817,1.893
18:02:49.034,0.100,0.981,0.109,-2.115,-1.359,1.992
18:02:49.237,0.106,0.982,0.124,-2.160,-1.557,2.221
18:02:49.437,0.104,0.984,0.114,-2.221,-1.534,2.176
18:02:49.641,0.097,0.986,0.118,-2.328,-1.664,2.183
18:02:49.843,0.103,0.989,0.128,-2.420,-1.656,2.015
18:02:50.045,0.114,0.985,0.113,-2.542,-1.603,2.053
18:02:50.245,0.106,0.982,0.126,-2.275,-1.336,2.252
18:02:50.444,0.101,0.997,0.112,-2.145,-1.756,2.611
18:02:50.644,0.100,0.987,0.119,-2.008,-1.649,2.588
18:02:50.853,0.103,0.992,0.118,-2.382,-1.679,2.221
18:02:51.054,0.107,0.987,0.120,-2.412,-1.504,1.992
18:02:51.254,0.102,0.986,0.126,-2.443,-1.466,2.076
18:02:51.456,0.100,0.990,0.116,-2.260,-1.802,2.458
18:02:51.662,0.103,0.983,0.117,-2.412,-1.489,2.092
18:02:51.864,0.104,0.986,0.119,-2.573,-1.634,1.893
18:02:52.065,0.109,0.985,0.118,-2.275,-1.573,2.160
18:02:52.265,0.101,0.987,0.120,-1.977,-1.695,2.130
18:02:52.470,0.101,0.993,0.123,-2.511,-1.214,1.977
18:02:52.670,0.104,0.980,0.119,-2.496,-1.588,2.061
18:02:52.873,0.105,0.981,0.124,-2.008,-1.679,2.023
18:02:53.075,0.097,0.979,0.118,-2.031,-1.687,2.168
18:02:53.274,0.099,0.983,0.119,-2.038,-1.916,2.023
18:02:53.474,0.102,0.979,0.125,-2.397,-1.450,2.282
18:02:53.681,0.106,0.986,0.122,-2.160,-1.656,2.344
18:02:53.883,0.101,0.985,0.121,-2.466,-1.588,2.397
18:02:54.084,0.098,0.988,0.111,-2.328,-1.534,2.176
18:02:54.287,0.101,0.983,0.126,-2.275,-1.344,1.947
18:02:54.487,0.100,0.989,0.120,-2.099,-1.580,2.176
18:02:54.687,0.102,0.986,0.121,-2.206,-1.504,2.015
18:02:54.893,0.099,0.983,0.122,-2.313,-1.603,2.084
18:02:55.096,0.098,0.981,0.125,-2.145,-1.443,2.084
18:02:55.296,0.103,0.981,0.125,-2.153,-1.618,1.779
18:02:55.495,0.100,0.981,0.128,-2.443,-1.443,1.985
18:02:55.696,0.106,0.982,0.119,-2.405,-1.366,2.015
18:02:55.903,0.101,0.982,0.118,-2.542,-1.466,1.985
18:02:56.104,0.108,0.981,0.122,-2.298,-1.595,2.321
18:02:56.304,0.107,0.977,0.124,-2.191,-1.504,2.137
18:02:56.505,0.099,0.986,0.122,-2.206,-1.550,2.130
18:02:56.705,0.106,0.993,0.122,-2.275,-1.359,2.206
18:02:56.914,0.098,0.984,0.124,-2.206,-1.626,2.160
18:02:57.115,0.100,0.988,0.124,-2.359,-1.420,2.008
18:02:57.318,0.103,0.982,0.119,-2.053,-1.626,2.252
18:02:57.520,0.103,0.985,0.119,-2.573,-1.466,2.145
18:02:57.721,0.104,0.987,0.118,-2.084,-1.656,2.244
18:02:57.924,0.097,0.988,0.122,-2.405,-1.565,2.137
18:02:58.126,0.106,0.990,0.121,-2.511,-1.595,1.962
18:02:58.324,0.095,0.980,0.128,-2.443,-1.779,2.206
18:02:58.526,0.102,0.985,0.117,-2.290,-1.573,2.153
18:02:58.725,0.105,0.986,0.121,-2.145,-1.534,1.985
18:02:58.933,0.102,0.982,0.112,-2.267,-1.626,1.817
18:02:59.134,0.103,0.983,0.123,-2.198,-1.443,2.076
18:02:59.337,0.098,0.985,0.124,-2.427,-1.542,2.069
18:02:59.537,0.101,0.988,0.127,-2.389,-1.527,2.160
18:02:59.737,0.097,0.982,0.120,-2.328,-1.580,2.252
18:02:59.944,0.097,0.981,0.120,-2.275,-1.542,2.344
18:03:00.145,0.095,0.979,0.110,-2.336,-1.786,2.489
18:03:00.346,0.097,0.990,0.115,-2.626,-1.534,2.214
18:03:00.544,0.105,0.986,0.120,-2.298,-1.771,2.092
18:03:00.746,0.099,0.985,0.127,-2.382,-1.336,1.786
18:03:00.954,0.102,0.984,0.117,-2.504,-1.282,1.710
18:03:01.154,0.101,0.980,0.116,-2.198,-1.634,2.260
18:03:01.354,0.096,0.982,0.125,-2.290,-1.580,2.076
18:03:01.555,0.103,0.988,0.116,-2.244,-1.397,2.397
18:03:01.756,0.099,0.985,0.115,-2.397,-1.595,2.053
18:03:01.964,0.102,0.984,0.119,-2.496,-1.542,1.969
18:03:02.166,0.098,0.990,0.126,-2.237,-1.504,2.115
18:03:02.366,0.101,0.983,0.114,-2.221,-1.542,2.221
18:03:02.568,0.103,0.980,0.130,-2.397,-1.595,2.069
18:03:02.771,0.100,0.983,0.125,-2.214,-1.427,2.183
18:03:02.974,0.108,0.981,0.125,-2.153,-1.496,2.359
18:03:03.176,0.098,0.979,0.119,-2.275,-1.733,2.115
18:03:03.378,0.105,0.987,0.118,-2.290,-1.527,2.061
18:03:03.580,0.101,0.986,0.117,-2.313,-1.573,2.191
18:03:03.782,0.102,0.985,0.116,-2.214,-1.618,2.176
18:03:03.984,0.094,0.985,0.118,-2.145,-1.580,2.145
18:03:04.185,0.106,0.985,0.124,-2.237,-1.511,2.069
18:03:04.388,0.104,0.984,0.117,-2.290,-1.565,2.153
18:03:04.589,0.101,0.990,0.123,-2.435,-1.611,2.084
18:03:04.791,0.103,0.981,0.115,-2.534,-1.649,2.145
18:03:04.994,0.106,0.985,0.116,-2.282,-1.542,2.351
18:03:05.195,0.101,0.984,0.112,-2.305,-1.588,2.008
18:03:05.398,0.099,0.983,0.121,-2.374,-1.595,2.092
18:03:05.600,0.097,0.987,0.115,-2.359,-1.504,2.153
18:03:05.802,0.107,0.987,0.118,-2.336,-1.840,2.107
18:03:06.004,0.101,0.987,0.120,-2.214,-1.351,2.176
18:03:06.206,0.106,0.990,0.120,-2.160,-1.656,2.137
18:03:06.408,0.100,0.987,0.125,-2.458,-1.473,2.206
18:03:06.610,0.107,0.985,0.112,-2.115,-1.435,2.061
18:03:06.812,0.101,0.982,0.121,-2.321,-1.618,2.198
18:03:07.014,0.102,0.980,0.125,-2.145,-1.824,2.221
18:03:07.216,0.094,0.983,0.118,-2.275,-1.496,2.153
18:03:07.418,0.101,0.983,0.114,-2.351,-1.649,2.084
18:03:07.620,0.105,0.985,0.124,-2.275,-1.588,2.153
18:03:07.822,0.101,0.979,0.120,-2.321,-1.313,2.275
18:03:08.024,0.105,0.983,0.120,-2.031,-1.412,2.023
18:03:08.226,0.098,0.990,0.124,-2.137,-1.473,1.924
18:03:08.428,0.102,0.986,0.123,-2.168,-1.504,2.176
18:03:08.630,0.099,0.986,0.115,-2.511,-1.618,2.137
18:03:08.825,0.098,0.982,0.116,-2.191,-1.473,2.076
18:03:09.034,0.100,0.983,0.114,-2.328,-1.695,2.153
18:03:09.235,0.103,0.983,0.112,-2.397,-1.351,1.901
18:03:09.438,0.107,0.982,0.121,-2.160,-1.458,2.076
18:03:09.640,0.103,0.984,0.122,-2.122,-1.656,2.275
18:03:09.841,0.098,0.984,0.122,-2.061,-1.527,2.244
18:03:10.044,0.101,0.981,0.129,-1.802,-1.519,2.069
18:03:10.245,0.095,0.988,0.126,-2.328,-1.573,2.076
18:03:10.445,0.097,0.980,0.115,-2.214,-1.466,1.977
18:03:10.644,0.107,0.984,0.117,-2.267,-1.595,2.176
18:03:10.845,0.101,0.988,0.120,-2.107,-1.565,2.351
18:03:11.054,0.100,0.985,0.120,-2.282,-1.740,2.122
18:03:11.255,0.100,0.986,0.115,-2.237,-1.595,2.328
18:03:11.455,0.106,0.986,0.104,-2.382,-1.557,2.229
18:03:11.660,0.103,0.978,0.119,-2.130,-1.466,2.084
18:03:11.862,0.104,0.989,0.119,-2.580,-1.626,2.023
18:03:12.064,0.102,0.988,0.117,-2.000,-1.832,2.244
18:03:12.266,0.092,0.987,0.123,-2.160,-1.496,2.053
18:03:12.468,0.096,0.986,0.116,-2.282,-1.641,2.305
18:03:12.670,0.094,0.989,0.111,-2.328,-1.740,2.183
18:03:12.871,0.097,0.985,0.124,-2.405,-1.382,2.061
18:03:13.074,0.101,0.977,0.123,-2.305,-1.664,2.084
18:03:13.276,0.099,0.983,0.122,-2.351,-1.496,1.985
18:03:13.478,0.102,0.980,0.127,-2.305,-1.641,2.115
18:03:13.680,0.102,0.980,0.121,-2.321,-1.664,2.031
18:03:13.881,0.105,0.985,0.121,-2.176,-1.565,2.069
18:03:14.084,0.097,0.986,0.121,-2.214,-1.481,2.061
18:03:14.286,0.103,0.981,0.118,-2.214,-1.473,2.176
18:03:14.488,0.093,0.983,0.120,-2.443,-1.557,1.977
18:03:14.690,0.109,0.987,0.118,-2.458,-1.618,1.840
18:03:14.892,0.103,0.987,0.115,-2.427,-1.573,2.092
18:03:15.094,0.101,0.978,0.121,-2.534,-1.679,2.168
18:03:15.296,0.105,0.984,0.126,-2.282,-1.519,2.198
18:03:15.498,0.102,0.985,0.121,-2.137,-1.473,2.290
18:03:15.699,0.105,0.992,0.117,-2.069,-1.710,2.366
18:03:15.901,0.094,0.986,0.119,-2.405,-1.603,2.214
18:03:16.104,0.101,0.986,0.117,-2.313,-1.473,2.099
18:03:16.306,0.096,0.988,0.127,-2.168,-1.550,2.076
18:03:16.508,0.105,0.996,0.129,-2.565,-1.595,2.092
18:03:16.706,0.101,0.983,0.121,-2.458,-1.466,2.176
18:03:16.912,0.102,0.981,0.129,-2.527,-1.603,2.130
18:03:17.114,0.097,0.987,0.119,-2.466,-1.672,2.183
18:03:17.315,0.102,0.984,0.111,-2.000,-1.611,2.336
18:03:17.518,0.099,0.988,0.119,-2.374,-1.588,2.176
18:03:17.720,0.104,0.976,0.115,-2.038,-1.435,2.282
18:03:17.922,0.101,0.985,0.125,-2.405,-1.534,1.985
18:03:18.124,0.096,0.986,0.119,-2.244,-1.336,2.374
18:03:18.325,0.098,0.986,0.124,-2.374,-1.656,2.092
18:03:18.528,0.106,0.986,0.122,-2.229,-1.504,2.198
18:03:18.729,0.104,0.984,0.116,-2.244,-1.573,2.183
18:03:18.932,0.102,0.989,0.115,-2.458,-1.718,2.130
18:03:19.134,0.099,0.984,0.120,-2.214,-1.527,2.191
18:03:19.336,0.106,0.985,0.117,-2.191,-1.519,2.076
18:03:19.538,0.105,0.981,0.114,-2.397,-1.504,2.015
18:03:19.740,0.099,0.984,0.127,-2.580,-1.527,1.985
18:03:19.942,0.095,0.982,0.120,-2.229,-1.664,2.145
18:03:20.144,0.102,0.985,0.120,-2.374,-1.718,2.092
18:03:20.346,0.103,0.979,0.124,-2.580,-1.634,2.092
18:03:20.545,0.099,0.986,0.114,-2.374,-1.603,2.183
18:03:20.744,0.097,0.985,0.117,-2.405,-1.427,1.855
18:03:20.946,0.101,0.985,0.116,-2.450,-1.626,1.893
18:03:21.154,0.103,0.982,0.112,-2.221,-1.328,2.267
18:03:21.354,0.102,0.996,0.122,-2.504,-1.420,2.038
18:03:21.556,0.099,0.986,0.120,-2.427,-1.519,2.405
18:03:21.756,0.104,0.988,0.117,-2.237,-1.611,2.214
18:03:21.961,0.095,0.977,0.123,-2.145,-1.725,2.183
18:03:22.164,0.102,0.981,0.118,-2.214,-1.466,2.053
18:03:22.366,0.103,0.987,0.120,-2.107,-1.649,2.183
18:03:22.568,0.103,0.988,0.126,-2.176,-1.672,2.145
18:03:22.764,0.099,0.981,0.120,-2.168,-1.366,2.076
18:03:22.964,0.100,0.981,0.116,-2.458,-1.763,2.107
18:03:23.174,0.109,0.980,0.124,-2.206,-1.519,2.176
18:03:23.376,0.105,0.979,0.116,-2.313,-1.389,2.244
18:03:23.574,0.100,0.986,0.123,-2.366,-1.618,2.206
18:03:23.776,0.102,0.990,0.124,-2.550,-1.450,2.000
18:03:23.982,0.103,0.978,0.114,-2.198,-1.863,2.221
18:03:24.184,0.102,0.985,0.123,-2.122,-1.611,2.191
18:03:24.386,0.104,0.981,0.110,-2.145,-1.366,2.122
18:03:24.585,0.106,0.986,0.118,-2.420,-1.565,1.947
18:03:24.785,0.100,0.986,0.118,-1.824,-1.504,2.237
18:03:24.989,0.100,0.988,0.130,-1.962,-1.382,2.053
18:03:25.194,0.110,0.984,0.113,-2.267,-1.359,2.160
18:03:25.395,0.105,0.979,0.127,-2.267,-1.427,2.038
18:03:25.594,0.102,0.982,0.125,-2.214,-1.580,2.153
18:03:25.798,0.097,0.984,0.119,-2.237,-1.740,2.252
18:03:26.001,0.098,0.988,0.120,-2.107,-1.557,2.076
18:03:26.204,0.107,0.985,0.122,-2.145,-1.519,2.336
18:03:26.406,0.102,0.981,0.114,-2.260,-1.771,2.321
18:03:26.606,0.102,0.986,0.110,-2.282,-1.496,2.244
18:03:26.806,0.100,0.983,0.121,-2.321,-1.595,2.366
18:03:27.006,0.103,0.982,0.120,-2.237,-1.450,2.198
18:03:27.214,0.103,0.982,0.121,-2.107,-1.511,2.511
18:03:27.415,0.102,0.988,0.115,-2.466,-1.550,2.183
18:03:27.615,0.098,0.987,0.106,-2.374,-1.366,1.985
18:03:27.820,0.102,0.981,0.115,-2.137,-1.939,2.084
18:03:28.022,0.099,0.988,0.118,-2.405,-1.450,1.901
18:03:28.223,0.101,0.991,0.123,-2.389,-1.489,2.069
18:03:28.424,0.103,0.989,0.114,-2.397,-1.565,2.061
18:03:28.624,0.101,0.981,0.113,-2.137,-1.679,2.275
18:03:28.826,0.093,0.988,0.122,-2.336,-1.557,2.000
18:03:29.025,0.103,0.978,0.121,-2.359,-1.664,2.130
18:03:29.234,0.105,0.983,0.122,-2.450,-1.603,2.275
18:03:29.435,0.098,0.976,0.119,-2.176,-1.542,2.183
18:03:29.638,0.103,0.983,0.112,-2.260,-1.244,2.092
18:03:29.840,0.106,0.981,0.116,-2.458,-1.679,2.137
18:03:30.042,0.106,0.989,0.123,-2.550,-1.595,2.420
18:03:30.244,0.103,0.987,0.127,-2.214,-1.656,2.275
18:03:30.446,0.104,0.981,0.124,-2.145,-1.573,2.542
18:03:30.644,0.099,0.993,0.127,-2.374,-1.336,2.076
18:03:30.844,0.099,0.986,0.124,-2.069,-1.557,2.107
18:03:31.045,0.102,0.984,0.120,-2.321,-1.527,2.168
18:03:31.254,0.103,0.981,0.113,-2.336,-1.435,2.137
18:03:31.456,0.106,0.987,0.124,-2.351,-1.550,1.931
18:03:31.658,0.097,0.987,0.115,-2.412,-1.588,2.321
18:03:31.857,0.095,0.979,0.126,-2.366,-1.534,1.985
18:03:32.056,0.107,0.983,0.123,-2.122,-1.458,1.985
18:03:32.264,0.104,0.990,0.113,-2.458,-1.542,2.092
18:03:32.466,0.103,0.987,0.115,-2.412,-1.603,2.069
18:03:32.666,0.098,0.985,0.118,-2.214,-1.496,2.122
18:03:32.864,0.097,0.983,0.122,-2.397,-1.435,2.053
18:03:33.072,0.099,0.983,0.120,-2.221,-1.420,1.908
18:03:33.274,0.103,0.986,0.111,-2.336,-1.496,2.092
18:03:33.474,0.096,0.987,0.124,-2.557,-1.618,2.321
18:03:33.674,0.101,0.983,0.113,-2.412,-1.458,2.198
18:03:33.876,0.106,0.991,0.121,-2.298,-1.565,2.122
18:03:34.082,0.103,0.982,0.122,-2.351,-1.511,2.168
18:03:34.284,0.100,0.989,0.116,-2.374,-1.573,2.107
18:03:34.486,0.093,0.989,0.125,-2.466,-1.519,2.046
18:03:34.685,0.099,0.989,0.117,-2.076,-1.565,2.031
18:03:34.890,0.096,0.979,0.117,-2.130,-1.420,2.176
18:03:35.090,0.099,0.982,0.125,-2.260,-1.580,2.115
18:03:35.294,0.100,0.980,0.112,-2.260,-1.595,2.015
18:03:35.496,0.101,0.990,0.121,-2.221,-1.565,2.321
18:03:35.696,0.098,0.985,0.123,-2.252,-1.603,2.229
18:03:35.894,0.105,0.979,0.110,-2.107,-1.527,2.313
18:03:36.096,0.099,0.988,0.115,-2.252,-1.679,1.969
18:03:36.304,0.100,0.985,0.119,-2.260,-1.603,2.130
18:03:36.506,0.097,0.979,0.123,-2.229,-1.557,2.053
18:03:36.707,0.104,0.981,0.111,-2.183,-1.664,2.412
18:03:36.907,0.109,0.984,0.116,-2.221,-1.382,2.122
18:03:37.107,0.101,0.985,0.126,-2.336,-1.275,1.824
18:03:37.314,0.101,0.986,0.131,-2.389,-1.595,1.908
18:03:37.515,0.095,0.986,0.122,-2.298,-1.443,2.092
18:03:37.715,0.099,0.991,0.126,-2.160,-1.786,2.420
18:03:37.920,0.104,0.989,0.124,-2.420,-1.771,2.237
18:03:38.122,0.099,0.990,0.121,-2.298,-1.496,2.275
18:03:38.324,0.101,0.986,0.124,-2.168,-1.626,2.084
18:03:38.524,0.100,0.982,0.115,-2.588,-1.534,2.107
18:03:38.724,0.095,0.986,0.115,-2.168,-1.595,2.359
18:03:38.926,0.105,0.986,0.123,-2.305,-1.160,2.000
18:03:39.126,0.097,0.986,0.110,-2.321,-1.542,2.099
18:03:39.334,0.102,0.986,0.126,-2.412,-1.252,2.061
18:03:39.536,0.106,0.982,0.111,-2.305,-1.511,2.214
18:03:39.735,0.103,0.981,0.116,-2.382,-1.504,2.313
18:03:39.940,0.097,0.984,0.132,-2.382,-1.473,2.069
18:03:40.140,0.098,0.985,0.116,-2.412,-1.420,2.084
18:03:40.344,0.098,0.984,0.125,-2.344,-1.389,1.924
18:03:40.546,0.092,0.987,0.116,-2.298,-1.435,2.214
18:03:40.744,0.104,0.979,0.126,-2.221,-1.519,1.939
18:03:40.944,0.099,0.984,0.122,-2.244,-1.573,2.053
18:03:41.146,0.100,0.981,0.117,-2.198,-1.542,2.031
18:03:41.354,0.100,0.982,0.121,-1.977,-1.771,2.435
18:03:41.556,0.098,0.982,0.121,-2.237,-1.733,1.977
18:03:41.758,0.096,0.977,0.121,-2.244,-1.397,1.985
18:03:41.960,0.101,0.986,0.110,-2.336,-1.496,2.084
18:03:42.157,0.102,0.979,0.117,-2.252,-1.634,2.076
18:03:42.364,0.099,0.991,0.130,-2.137,-1.740,2.137
18:03:42.566,0.101,0.982,0.112,-2.305,-1.427,2.046
18:03:42.765,0.100,0.988,0.112,-2.214,-1.374,2.176
18:03:42.971,0.099,0.982,0.119,-2.298,-1.534,1.969
18:03:43.172,0.102,0.979,0.121,-2.328,-1.496,2.244
18:03:43.374,0.098,0.991,0.129,-2.344,-1.359,2.076
18:03:43.574,0.103,0.984,0.123,-2.397,-1.534,1.931
18:03:43.774,0.105,0.986,0.129,-2.458,-1.473,2.023
18:03:43.980,0.101,0.987,0.127,-2.557,-1.405,2.038
18:03:44.176,0.097,0.986,0.124,-2.557,-1.496,2.244
18:03:44.384,0.102,0.984,0.122,-2.031,-1.595,2.351
18:03:44.586,0.099,0.988,0.118,-2.031,-1.687,2.397
18:03:44.785,0.103,0.989,0.122,-2.038,-1.542,2.099
18:03:44.990,0.103,0.980,0.116,-2.252,-1.519,2.176
18:03:45.190,0.104,0.985,0.118,-2.344,-1.511,2.099
18:03:45.394,0.105,0.984,0.126,-2.290,-1.595,2.008
18:03:45.595,0.100,0.985,0.119,-2.191,-1.466,1.954
18:03:45.798,0.100,0.988,0.123,-2.130,-1.618,2.084
18:03:46.001,0.099,0.986,0.126,-2.275,-1.702,1.954
18:03:46.196,0.097,0.989,0.114,-2.626,-1.397,1.992
18:03:46.404,0.102,0.981,0.122,-2.221,-1.611,2.168
18:03:46.606,0.098,0.987,0.119,-2.527,-1.458,1.885
18:03:46.806,0.097,0.980,0.123,-2.122,-1.710,2.069
18:03:47.006,0.103,0.982,0.125,-2.351,-1.481,2.031
18:03:47.206,0.106,0.987,0.118,-2.344,-1.557,2.038
18:03:47.414,0.099,0.979,0.120,-2.328,-1.664,2.000
18:03:47.616,0.096,0.988,0.115,-2.267,-1.611,2.206
18:03:47.818,0.096,0.983,0.122,-2.534,-1.527,2.145
18:03:48.015,0.101,0.989,0.125,-2.397,-1.595,2.000
18:03:48.223,0.099,0.983,0.115,-2.130,-1.733,1.885
18:03:48.424,0.098,0.984,0.122,-2.061,-1.748,2.137
18:03:48.624,0.100,0.979,0.112,-2.038,-1.351,2.107
18:03:48.826,0.104,0.989,0.123,-2.344,-1.557,2.038
18:03:49.026,0.100,0.983,0.119,-2.305,-1.580,2.153
18:03:49.225,0.104,0.985,0.112,-2.359,-1.489,1.740
18:03:49.434,0.108,0.976,0.121,-2.229,-1.672,2.282
18:03:49.636,0.102,0.988,0.123,-2.489,-1.603,2.221
18:03:49.839,0.095,0.995,0.120,-2.824,-1.679,2.145
18:03:50.040,0.090,0.990,0.123,-2.153,-1.756,2.198
18:03:50.240,0.103,0.988,0.123,-2.695,-1.595,2.031
18:03:50.444,0.104,0.987,0.122,-2.191,-1.580,2.099
18:03:50.646,0.101,0.982,0.122,-2.298,-1.618,2.183
18:03:50.844,0.102,0.988,0.121,-2.267,-1.519,2.305
18:03:51.046,0.102,0.985,0.117,-2.473,-1.779,1.954
18:03:51.246,0.102,0.985,0.123,-2.191,-1.595,1.977
18:03:51.454,0.097,0.982,0.111,-2.389,-1.626,2.198
18:03:51.656,0.100,0.978,0.120,-2.244,-1.611,2.214
18:03:51.858,0.091,0.989,0.124,-2.443,-1.489,2.115
18:03:52.061,0.097,0.988,0.121,-2.328,-1.565,2.122
18:03:52.263,0.097,0.989,0.122,-2.260,-1.618,2.069
18:03:52.465,0.104,0.989,0.113,-2.130,-1.496,2.191
18:03:52.667,0.100,0.984,0.129,-2.389,-1.389,1.985
18:03:52.869,0.099,0.981,0.126,-1.977,-1.550,2.000
18:03:53.071,0.093,0.986,0.123,-2.366,-1.443,2.015
18:03:53.273,0.098,0.986,0.122,-2.137,-1.550,2.328
18:03:53.474,0.103,0.987,0.116,-2.290,-1.641,2.122
18:03:53.677,0.099,0.981,0.129,-2.160,-1.511,2.244
18:03:53.878,0.105,0.982,0.127,-2.183,-1.756,2.275
18:03:54.080,0.094,0.983,0.123,-2.611,-1.626,2.405
18:03:54.283,0.095,0.994,0.123,-2.359,-1.580,2.122
18:03:54.485,0.102,0.989,0.121,-2.328,-1.595,2.031
18:03:54.687,0.104,0.984,0.127,-2.260,-1.740,2.191
18:03:54.888,0.105,0.984,0.118,-2.389,-1.565,2.038
18:03:55.090,0.103,0.987,0.117,-2.420,-1.679,2.237
18:03:55.292,0.104,0.981,0.119,-2.359,-1.573,2.053
18:03:55.494,0.104,0.990,0.117,-2.344,-1.435,2.000
18:03:55.696,0.098,0.987,0.123,-2.427,-1.519,2.336
18:03:55.899,0.103,0.983,0.113,-2.412,-1.527,2.221
18:03:56.096,0.095,0.987,0.123,-2.214,-1.504,2.053
18:03:56.296,0.098,0.982,0.121,-2.084,-1.542,1.756
18:03:56.504,0.099,0.991,0.125,-2.359,-1.473,1.702
18:03:56.706,0.108,0.987,0.117,-2.504,-1.603,2.145
18:03:56.907,0.095,0.987,0.128,-2.244,-1.603,2.115
18:03:57.107,0.097,0.990,0.119,-2.260,-1.550,2.038
18:03:57.313,0.095,0.979,0.116,-2.061,-1.863,2.458
18:03:57.514,0.103,0.984,0.120,-2.282,-1.695,2.412
18:03:57.716,0.099,0.988,0.122,-2.244,-1.489,2.328
18:03:57.919,0.105,0.995,0.125,-2.458,-1.595,2.206
18:03:58.114,0.102,0.987,0.122,-2.427,-1.321,1.885
18:03:58.315,0.099,0.989,0.122,-2.313,-1.603,2.290
18:03:58.524,0.098,0.980,0.119,-2.183,-1.450,1.947
18:03:58.724,0.097,0.984,0.120,-2.153,-1.489,2.122
18:03:58.925,0.102,0.992,0.119,-2.237,-1.481,2.160
18:03:59.126,0.103,0.986,0.122,-2.481,-1.649,1.809
18:03:59.325,0.108,0.984,0.125,-2.229,-1.534,2.191
18:03:59.534,0.100,0.984,0.116,-2.481,-1.504,2.168
18:03:59.735,0.103,0.981,0.119,-1.969,-1.679,2.191
18:03:59.938,0.100,0.983,0.120,-2.450,-1.435,2.168
18:04:00.140,0.100,0.979,0.121,-2.176,-1.573,2.221
18:04:00.340,0.098,0.985,0.125,-1.992,-1.519,2.084
18:04:00.544,0.099,0.980,0.115,-2.221,-1.603,2.275
18:04:00.747,0.102,0.984,0.114,-2.198,-1.557,2.038
18:04:00.949,0.105,0.983,0.122,-2.260,-1.527,2.137
18:04:01.151,0.098,0.986,0.129,-2.275,-1.504,2.252
18:04:01.353,0.107,0.988,0.127,-2.481,-1.328,2.122
18:04:01.554,0.102,0.982,0.122,-2.435,-1.511,1.740
18:04:01.757,0.098,0.981,0.127,-2.405,-1.664,2.214
18:04:01.958,0.099,0.990,0.113,-2.313,-1.466,2.237
18:04:02.161,0.097,0.978,0.121,-2.405,-1.481,1.893
18:04:02.363,0.100,0.984,0.117,-2.351,-1.550,2.153
18:04:02.565,0.098,0.986,0.113,-2.130,-1.611,1.939
18:04:02.765,0.103,0.980,0.121,-2.198,-1.603,2.198
18:04:02.965,0.099,0.992,0.125,-2.458,-1.412,2.107
18:04:03.164,0.103,0.980,0.119,-2.069,-1.351,2.160
18:04:03.366,0.091,0.993,0.119,-2.450,-1.588,2.076
18:04:03.574,0.099,0.984,0.118,-2.321,-1.405,2.237
18:04:03.774,0.099,0.985,0.113,-2.176,-1.557,2.137
18:04:03.975,0.104,0.985,0.114,-2.420,-1.511,2.214
18:04:04.175,0.097,0.996,0.121,-2.588,-1.771,2.313
18:04:04.383,0.101,0.987,0.113,-2.183,-1.664,2.084
18:04:04.584,0.098,0.987,0.116,-2.328,-1.496,2.031
18:04:04.785,0.099,0.989,0.122,-2.153,-1.435,2.244
18:04:04.986,0.098,0.987,0.118,-2.275,-1.603,2.176
18:04:05.191,0.099,0.981,0.123,-2.481,-1.588,2.206
18:04:05.391,0.097,0.989,0.129,-2.229,-1.634,2.015
18:04:05.594,0.098,0.986,0.121,-2.344,-1.336,2.282
18:04:05.797,0.098,0.987,0.123,-2.321,-1.656,2.092
18:04:05.994,0.093,0.987,0.125,-2.450,-1.611,1.924
18:04:06.196,0.101,0.985,0.112,-2.473,-1.412,1.824
18:04:06.396,0.101,0.988,0.120,-2.275,-1.702,2.038
18:04:06.604,0.094,0.983,0.124,-2.275,-1.466,2.198
18:04:06.807,0.102,0.986,0.122,-2.160,-1.763,2.053
18:04:07.007,0.103,0.987,0.126,-2.511,-1.458,2.023
18:04:07.207,0.096,0.983,0.116,-2.153,-1.573,2.290
18:04:07.413,0.094,0.976,0.122,-2.176,-1.542,2.290
18:04:07.614,0.098,0.991,0.123,-2.542,-1.504,2.206
18:04:07.816,0.098,0.986,0.117,-2.405,-1.359,1.939
18:04:08.018,0.106,0.989,0.118,-2.496,-1.550,1.969
18:04:08.221,0.096,0.983,0.119,-2.198,-1.557,1.969
18:04:08.422,0.096,0.987,0.115,-2.427,-1.344,2.053
18:04:08.625,0.101,0.987,0.130,-2.282,-1.328,1.855
18:04:08.826,0.099,0.986,0.121,-2.191,-1.588,1.771
18:04:09.029,0.100,0.990,0.118,-2.267,-1.618,1.718
18:04:09.231,0.104,0.982,0.111,-2.313,-1.237,2.023
18:04:09.433,0.103,0.973,0.118,-2.130,-1.611,2.145
18:04:09.634,0.104,0.984,0.126,-2.321,-1.374,2.374
18:04:09.837,0.099,0.979,0.119,-1.992,-1.481,2.038
18:04:10.038,0.102,0.983,0.120,-2.420,-1.618,2.145
18:04:10.240,0.102,0.991,0.114,-2.305,-1.870,2.061
18:04:10.443,0.103,0.985,0.125,-2.122,-1.595,2.160
18:04:10.644,0.100,0.984,0.116,-2.275,-1.481,1.939
18:04:10.844,0.099,0.988,0.118,-2.359,-1.519,1.977
18:04:11.044,0.095,0.987,0.118,-2.405,-1.672,2.305
18:04:11.245,0.099,0.985,0.117,-2.107,-1.496,2.359
18:04:11.453,0.104,0.991,0.128,-2.397,-1.412,1.931
18:04:11.655,0.100,0.985,0.119,-2.450,-1.672,2.092
18:04:11.857,0.102,0.981,0.118,-2.344,-1.695,2.099
18:04:12.055,0.100,0.985,0.115,-2.031,-1.611,2.275
18:04:12.256,0.102,0.988,0.127,-2.214,-1.542,2.237
18:04:12.463,0.095,0.989,0.119,-2.115,-1.473,1.954
18:04:12.664,0.102,0.985,0.128,-2.405,-1.603,1.840
18:04:12.865,0.094,0.985,0.121,-2.046,-1.618,2.229
18:04:13.064,0.103,0.986,0.109,-2.176,-1.573,2.260
18:04:13.264,0.096,0.983,0.126,-2.321,-1.649,1.924
18:04:13.465,0.103,0.980,0.116,-2.252,-1.595,1.931
18:04:13.675,0.101,0.978,0.116,-2.328,-1.725,2.282
18:04:13.875,0.098,0.994,0.116,-2.748,-1.519,2.168
18:04:14.076,0.096,0.994,0.127,-2.634,-1.565,2.168
18:04:14.281,0.100,0.986,0.122,-2.122,-1.603,1.885
18:04:14.483,0.106,0.979,0.118,-2.496,-1.496,1.962
18:04:14.684,0.108,0.981,0.122,-2.405,-1.527,1.931
18:04:14.885,0.100,0.982,0.121,-2.153,-1.489,2.221
18:04:15.085,0.099,0.980,0.123,-2.237,-1.527,2.214
18:04:15.284,0.101,0.986,0.122,-2.496,-1.466,2.031
18:04:15.484,0.105,0.988,0.123,-2.153,-1.244,2.267
18:04:15.695,0.101,0.986,0.113,-2.198,-1.763,2.427
18:04:15.897,0.102,0.989,0.130,-2.313,-1.443,2.168
18:04:16.094,0.101,0.978,0.116,-2.412,-1.511,1.924
18:04:16.296,0.102,0.990,0.106,-2.351,-1.565,2.160
18:04:16.495,0.104,0.992,0.124,-2.397,-1.511,1.977
18:04:16.704,0.096,0.982,0.121,-2.275,-1.580,2.298
18:04:16.906,0.097,0.990,0.111,-2.374,-1.473,1.985
18:04:17.106,0.105,0.981,0.126,-2.237,-1.565,2.252
18:04:17.305,0.103,0.989,0.109,-2.443,-1.519,2.191
18:04:17.513,0.102,0.988,0.125,-2.405,-1.550,2.168
18:04:17.715,0.100,0.980,0.124,-2.092,-1.557,2.145
18:04:17.916,0.105,0.991,0.125,-2.412,-1.573,2.053
18:04:18.114,0.105,0.984,0.119,-2.267,-1.450,2.244
18:04:18.314,0.103,0.977,0.118,-2.206,-1.573,2.198
18:04:18.523,0.091,0.981,0.114,-2.137,-1.664,2.183
18:04:18.724,0.100,0.995,0.119,-2.183,-1.725,2.122
18:04:18.925,0.099,0.987,0.128,-2.168,-1.496,1.901
18:04:19.126,0.101,0.983,0.116,-2.107,-1.489,2.038
18:04:19.326,0.098,0.982,0.128,-2.107,-1.763,2.298
18:04:19.533,0.096,0.989,0.120,-2.397,-1.458,2.252
18:04:19.735,0.099,0.984,0.132,-2.252,-1.565,2.061
18:04:19.936,0.108,0.988,0.121,-2.580,-1.420,1.771
18:04:20.139,0.102,0.981,0.128,-2.214,-1.328,1.985
18:04:20.334,0.104,0.984,0.122,-2.344,-1.519,2.008
18:04:20.543,0.103,0.988,0.114,-2.267,-1.542,2.153
18:04:20.744,0.101,0.986,0.118,-2.344,-1.588,2.137
18:04:20.944,0.101,0.982,0.122,-2.191,-1.656,2.153
18:04:21.144,0.103,0.986,0.125,-2.168,-1.580,2.008
18:04:21.345,0.103,0.988,0.123,-2.237,-1.489,1.969
18:04:21.553,0.106,0.985,0.123,-2.145,-1.550,2.031
18:04:21.754,0.099,0.987,0.111,-2.313,-1.565,2.061
18:04:21.957,0.100,0.986,0.117,-2.122,-1.519,2.084
18:04:22.155,0.101,0.983,0.122,-2.366,-1.679,2.038
18:04:22.355,0.103,0.979,0.128,-2.321,-1.672,2.115
18:04:22.563,0.106,0.982,0.118,-2.405,-1.756,2.206
18:04:22.765,0.102,0.983,0.119,-2.282,-1.695,2.221
18:04:22.965,0.101,0.984,0.129,-2.198,-1.588,2.038
18:04:23.164,0.103,0.988,0.124,-2.160,-1.695,2.183
18:04:23.364,0.102,0.986,0.109,-2.244,-1.481,2.076
18:04:23.565,0.103,0.979,0.121,-2.191,-1.603,2.137
18:04:23.774,0.096,0.985,0.123,-2.160,-1.450,2.191
18:04:23.977,0.101,0.985,0.126,-2.282,-1.641,2.176
18:04:24.176,0.104,0.985,0.119,-2.382,-1.481,2.107
18:04:24.375,0.101,0.987,0.123,-2.336,-1.634,2.107
18:04:24.583,0.103,0.985,0.122,-2.450,-1.557,1.885
18:04:24.784,0.101,0.985,0.117,-2.137,-1.550,2.160
18:04:24.986,0.098,0.987,0.128,-2.351,-1.611,2.099
18:04:25.185,0.104,0.982,0.117,-2.252,-1.573,2.137
18:04:25.384,0.093,0.984,0.116,-2.107,-1.542,2.328
18:04:25.593,0.101,0.989,0.112,-2.351,-1.618,1.985
18:04:25.795,0.103,0.984,0.116,-2.267,-1.656,2.122
18:04:25.997,0.105,0.984,0.123,-2.328,-1.519,2.244
18:04:26.194,0.101,0.982,0.122,-2.450,-1.603,2.061
18:04:26.395,0.099,0.986,0.117,-2.397,-1.802,2.031
18:04:26.603,0.096,0.987,0.120,-2.389,-1.565,2.153
18:04:26.804,0.106,0.986,0.116,-2.214,-1.504,1.885
18:04:27.007,0.107,0.978,0.115,-2.260,-1.611,2.206
18:04:27.205,0.097,0.982,0.120,-2.168,-1.496,2.092
18:04:27.405,0.096,0.983,0.124,-2.023,-1.626,2.313
18:04:27.613,0.106,0.986,0.122,-2.275,-1.374,2.221
18:04:27.815,0.101,0.987,0.119,-2.435,-1.435,2.092
18:04:28.017,0.102,0.986,0.117,-2.275,-1.427,2.053
18:04:28.214,0.104,0.985,0.126,-2.237,-1.580,2.015
18:04:28.416,0.100,0.983,0.123,-2.557,-1.634,2.015
18:04:28.623,0.101,0.987,0.115,-2.183,-1.466,2.176
18:04:28.824,0.099,0.990,0.130,-2.450,-1.489,1.977
18:04:29.024,0.102,0.982,0.124,-2.191,-1.595,2.344
18:04:29.225,0.100,0.984,0.121,-2.130,-1.664,2.092
18:04:29.425,0.100,0.989,0.123,-2.397,-1.748,1.985
18:04:29.633,0.101,0.983,0.126,-2.450,-1.626,2.290
18:04:29.835,0.102,0.987,0.131,-2.412,-1.695,2.031
18:04:30.035,0.104,0.985,0.124,-2.237,-1.626,2.015
18:04:30.235,0.097,0.987,0.119,-2.229,-1.763,2.122
18:04:30.441,0.102,0.985,0.121,-2.221,-1.534,2.137
18:04:30.643,0.096,0.984,0.111,-2.351,-1.679,2.160
18:04:30.845,0.102,0.988,0.123,-2.328,-1.565,2.130
18:04:31.044,0.101,0.987,0.122,-2.153,-1.412,2.160
18:04:31.249,0.100,0.984,0.124,-2.153,-1.466,2.061
18:04:31.446,0.095,0.983,0.109,-2.267,-1.580,2.015
18:04:31.653,0.101,0.982,0.121,-2.519,-1.481,2.206
18:04:31.855,0.097,0.986,0.125,-2.336,-1.557,2.351
18:04:32.056,0.100,0.983,0.117,-2.183,-1.450,1.977
18:04:32.256,0.100,0.981,0.117,-2.313,-1.466,1.878
18:04:32.455,0.097,0.990,0.116,-2.221,-1.542,2.168
18:04:32.663,0.101,0.981,0.118,-2.229,-1.542,2.008
18:04:32.865,0.099,0.983,0.123,-2.328,-1.496,2.031
18:04:33.066,0.103,0.984,0.119,-2.221,-1.618,2.115
18:04:33.264,0.098,0.979,0.121,-2.198,-1.725,1.901
18:04:33.465,0.104,0.979,0.112,-2.260,-1.687,2.366
18:04:33.673,0.102,0.979,0.121,-2.557,-1.511,2.366
18:04:33.875,0.095,0.983,0.124,-2.069,-1.435,2.252
18:04:34.075,0.097,0.986,0.118,-2.427,-1.557,2.046
18:04:34.276,0.096,0.983,0.122,-2.458,-1.351,2.130
18:04:34.475,0.102,0.984,0.123,-2.344,-1.511,2.191
18:04:34.683,0.103,0.986,0.123,-2.023,-1.519,2.389
18:04:34.885,0.106,0.989,0.125,-2.382,-1.519,2.000
18:04:35.085,0.098,0.984,0.115,-2.298,-1.710,2.160
18:04:35.285,0.096,0.985,0.125,-2.328,-1.450,1.947
18:04:35.491,0.100,0.980,0.123,-2.183,-1.397,2.237
18:04:35.693,0.097,0.983,0.123,-2.229,-1.496,2.183
18:04:35.895,0.100,0.984,0.119,-1.939,-2.069,2.061
18:04:36.094,0.107,0.986,0.127,-2.328,-1.458,2.313
18:04:36.296,0.096,0.983,0.129,-2.092,-1.809,2.130
18:04:36.495,0.096,0.985,0.125,-2.313,-1.740,1.824
18:04:36.703,0.098,0.980,0.118,-2.374,-1.527,1.977
18:04:36.905,0.100,0.987,0.122,-2.305,-1.511,2.099
18:04:37.105,0.098,0.983,0.122,-2.267,-1.527,2.046
18:04:37.306,0.096,0.984,0.115,-2.107,-1.450,2.237
18:04:37.506,0.096,0.984,0.119,-2.374,-1.611,2.321
18:04:37.713,0.101,0.982,0.120,-2.168,-1.580,2.305
18:04:37.915,0.100,0.985,0.120,-2.221,-1.603,2.160
18:04:38.117,0.092,0.989,0.121,-2.298,-1.817,2.092
18:04:38.314,0.103,0.989,0.117,-1.763,-1.725,2.145
18:04:38.515,0.103,0.983,0.112,-1.901,-1.580,2.160
18:04:38.723,0.103,0.988,0.125,-2.168,-1.603,1.802
18:04:38.924,0.098,0.987,0.123,-2.176,-1.565,2.565
18:04:39.126,0.102,0.983,0.122,-2.206,-1.847,2.382
18:04:39.326,0.098,0.981,0.121,-2.473,-1.534,1.870
18:04:39.525,0.101,0.984,0.119,-2.046,-1.511,2.076
18:04:39.733,0.094,0.987,0.126,-2.321,-1.542,2.237
18:04:39.935,0.098,0.983,0.113,-2.252,-1.611,2.076
18:04:40.135,0.101,0.980,0.121,-2.489,-1.405,1.885
18:04:40.336,0.101,0.985,0.117,-2.473,-1.756,2.275
18:04:40.534,0.106,0.980,0.107,-1.901,-1.634,2.183
18:04:40.743,0.100,0.986,0.122,-2.557,-1.427,1.977
18:04:40.945,0.099,0.989,0.126,-2.267,-1.504,2.069
18:04:41.144,0.103,0.984,0.123,-2.374,-1.534,1.908
18:04:41.345,0.098,0.987,0.114,-2.244,-1.634,1.893
18:04:41.545,0.098,0.987,0.116,-2.305,-1.550,2.214
18:04:41.753,0.100,0.983,0.120,-2.489,-1.565,2.206
18:04:41.955,0.104,0.984,0.120,-2.160,-1.656,1.977
18:04:42.155,0.102,0.987,0.116,-2.382,-1.397,2.015
18:04:42.359,0.095,0.990,0.124,-2.305,-1.794,2.130
18:04:42.559,0.100,0.986,0.118,-2.053,-1.511,2.115
18:04:42.763,0.101,0.990,0.123,-2.115,-1.366,2.206
18:04:42.965,0.104,0.987,0.118,-2.397,-1.489,1.931
18:04:43.165,0.102,0.989,0.113,-2.336,-1.603,2.198
18:04:43.364,0.105,0.984,0.115,-2.122,-1.634,2.153
18:04:43.566,0.102,0.981,0.124,-2.366,-1.519,2.160
18:04:43.773,0.102,0.981,0.124,-2.313,-1.542,2.130
18:04:43.975,0.098,0.984,0.126,-2.450,-1.511,1.962
18:04:44.175,0.099,0.987,0.119,-2.328,-1.542,2.000
18:04:44.375,0.099,0.985,0.116,-2.351,-1.527,2.053
18:04:44.575,0.101,0.980,0.109,-2.420,-1.595,2.092
18:04:44.783,0.101,0.982,0.124,-2.176,-1.641,2.267
18:04:44.985,0.101,0.989,0.108,-2.420,-1.557,1.985
18:04:45.185,0.100,0.986,0.118,-2.397,-1.397,1.969
18:04:45.386,0.100,0.980,0.125,-2.282,-1.603,2.176
18:04:45.584,0.089,0.986,0.123,-2.130,-1.328,2.061
18:04:45.793,0.099,0.984,0.123,-2.252,-1.702,2.130
18:04:45.996,0.104,0.987,0.121,-2.305,-1.595,2.008
18:04:46.194,0.099,0.985,0.118,-2.153,-1.840,2.160
18:04:46.395,0.091,0.981,0.122,-2.076,-1.481,1.992
18:04:46.596,0.106,0.991,0.121,-2.389,-1.603,2.015
18:04:46.803,0.104,0.980,0.116,-2.328,-1.420,1.893
18:04:47.006,0.099,0.983,0.118,-2.412,-1.756,2.061
18:04:47.205,0.099,0.984,0.116,-2.366,-1.550,2.046
18:04:47.406,0.099,0.989,0.119,-2.275,-1.344,2.084
18:04:47.604,0.102,0.983,0.125,-2.321,-1.550,2.000
18:04:47.813,0.098,0.984,0.123,-2.313,-1.427,1.924
18:04:48.015,0.107,0.988,0.126,-2.168,-1.534,2.038
18:04:48.215,0.101,0.987,0.124,-2.435,-1.397,1.985
18:04:48.414,0.101,0.980,0.112,-2.382,-1.695,1.771
18:04:48.615,0.100,0.986,0.121,-2.473,-1.618,2.366
18:04:48.823,0.100,0.984,0.120,-2.244,-1.611,2.435
18:04:49.024,0.101,0.988,0.114,-2.252,-1.649,1.977
18:04:49.225,0.103,0.980,0.109,-1.366,-1.649,2.664
18:04:49.426,0.103,0.982,0.121,-2.275,-1.656,2.176
18:04:49.625,0.091,0.978,0.123,-2.237,-1.557,2.809
18:04:49.833,0.104,0.981,0.122,-2.046,-1.847,2.496
18:04:50.036,0.100,0.985,0.113,-2.298,-1.305,2.160
18:04:50.235,0.107,0.977,0.118,-2.458,-1.489,1.649
18:04:50.434,0.101,0.981,0.117,-2.267,-1.603,2.275
18:04:50.634,0.104,0.985,0.123,-2.435,-1.527,2.130
18:04:50.843,0.102,0.985,0.119,-1.901,-1.656,2.031
18:04:51.046,0.105,0.979,0.125,-2.160,-1.511,2.237
18:04:51.244,0.102,0.987,0.120,-2.687,-1.489,2.137
18:04:51.445,0.108,0.984,0.123,-2.382,-1.466,2.053
18:04:51.645,0.102,0.984,0.126,-2.290,-1.397,1.992
18:04:51.854,0.099,0.983,0.118,-2.267,-1.687,2.053
18:04:52.056,0.101,0.976,0.124,-2.290,-1.527,2.229
18:04:52.255,0.096,0.990,0.128,-2.313,-1.733,2.206
18:04:52.459,-0.003,0.994,0.167,-5.137,0.794,-4.779
18:04:52.654,0.099,0.992,0.126,1.435,-2.176,5.878
18:04:52.863,0.103,0.987,0.117,-3.130,-1.420,1.542
18:04:53.065,0.104,0.986,0.119,-1.618,-1.672,2.847
18:04:53.264,0.105,0.982,0.126,-2.145,-1.443,1.954
18:04:53.464,0.102,0.980,0.116,-2.298,-1.443,2.267
18:04:53.672,0.099,0.988,0.121,-2.260,-1.412,1.939
18:04:53.874,0.096,0.984,0.118,-2.229,-1.573,2.153
18:04:54.074,0.100,0.990,0.114,-2.221,-1.763,2.450
18:04:54.276,0.100,0.987,0.119,-2.214,-1.878,2.206
18:04:54.476,0.098,0.980,0.111,-2.336,-1.840,2.076
18:04:54.675,0.100,0.983,0.117,-2.221,-1.580,2.092
18:04:54.883,0.100,0.991,0.131,-2.550,-1.550,1.954
18:04:55.086,0.101,0.990,0.119,-2.282,-1.634,1.885
18:04:55.286,0.106,0.979,0.117,-2.107,-1.618,2.237
18:04:55.484,0.098,0.986,0.117,-2.107,-1.595,2.031
18:04:55.684,0.099,0.976,0.122,-2.252,-1.550,2.031
18:04:55.894,0.099,0.989,0.121,-2.427,-1.573,2.000
18:04:56.094,0.111,0.976,0.118,-1.802,-1.832,2.282
18:04:56.294,0.106,0.981,0.122,-2.237,-1.718,2.275
18:04:56.495,0.101,0.983,0.115,-2.237,-1.435,2.450
18:04:56.701,0.101,0.981,0.120,-2.221,-1.679,2.313
18:04:56.904,0.098,0.985,0.117,-2.565,-1.504,2.084
18:04:57.105,0.105,0.987,0.117,-2.206,-1.573,2.229
18:04:57.308,0.100,0.986,0.122,-2.229,-1.458,2.183
18:04:57.506,0.091,0.986,0.129,-2.160,-1.473,2.290
18:04:57.710,0.104,0.984,0.114,-2.282,-1.695,2.260
18:04:57.914,0.094,0.985,0.122,-2.191,-1.496,2.145
18:04:58.115,0.095,0.986,0.116,-2.298,-1.489,1.908
18:04:58.314,0.110,0.989,0.123,-2.198,-1.458,2.267
18:04:58.514,0.099,0.987,0.128,-2.443,-1.588,2.168
18:04:58.715,0.099,0.986,0.119,-2.130,-1.588,2.206
18:04:58.924,0.107,0.984,0.119,-2.389,-1.489,2.168
18:04:59.124,0.104,0.995,0.124,-2.206,-1.450,2.153
18:04:59.327,0.101,0.981,0.130,-2.191,-1.473,2.412
18:04:59.525,0.097,0.988,0.121,-2.130,-1.580,2.374
18:04:59.726,0.099,0.977,0.123,-2.107,-1.550,1.985
18:04:59.934,0.098,0.985,0.128,-2.176,-1.481,2.298
18:05:00.135,0.101,0.984,0.121,-2.389,-1.466,1.924
18:05:00.336,0.102,0.984,0.120,-2.031,-1.626,2.183
18:05:00.534,0.101,0.987,0.133,-2.519,-1.473,2.130
18:05:00.734,0.104,0.987,0.128,-2.374,-1.695,2.267
18:05:00.944,0.099,0.989,0.125,-2.542,-1.611,2.023
18:05:01.144,0.103,0.988,0.116,-2.389,-1.397,2.046
18:05:01.344,0.095,0.992,0.124,-2.656,-1.603,2.122
18:05:01.545,0.099,0.981,0.122,-2.366,-1.565,2.160
18:05:01.752,0.106,0.991,0.123,-2.214,-1.542,2.183
18:05:01.953,0.098,0.986,0.120,-2.618,-1.435,1.901
18:05:02.156,0.099,0.983,0.124,-2.160,-1.359,2.031
18:05:02.356,0.109,0.989,0.116,-2.458,-1.504,1.832
18:05:02.555,0.100,0.991,0.118,-2.420,-1.252,2.008
18:05:02.754,0.101,0.987,0.123,-2.008,-1.656,2.221
18:05:02.963,0.095,0.989,0.121,-2.244,-1.573,2.267
18:05:03.166,0.099,0.983,0.120,-2.176,-1.565,2.084
18:05:03.364,0.105,0.985,0.123,-2.252,-1.611,1.916
18:05:03.570,0.106,0.983,0.118,-2.221,-1.725,2.008
18:05:03.771,0.102,0.987,0.121,-2.183,-1.649,2.084
18:05:03.973,0.093,0.981,0.131,-2.206,-1.489,2.115
18:05:04.174,0.105,0.983,0.120,-2.267,-1.366,2.214
18:05:04.376,0.097,0.984,0.118,-2.237,-1.519,1.817
18:05:04.575,0.099,0.989,0.114,-2.260,-1.702,2.000
18:05:04.776,0.101,0.983,0.117,-2.321,-1.656,2.061
18:05:04.983,0.105,0.981,0.124,-2.298,-1.573,2.061
18:05:05.186,0.098,0.987,0.115,-2.542,-1.710,2.107
18:05:05.385,0.099,0.979,0.124,-2.282,-1.740,2.153
18:05:05.584,0.100,0.987,0.120,-2.527,-1.466,1.748
18:05:05.791,0.108,0.982,0.115,-2.229,-1.710,2.107
18:05:05.993,0.102,0.985,0.112,-2.107,-1.672,2.359
18:05:06.194,0.101,0.982,0.122,-2.412,-1.771,2.015
18:05:06.394,0.097,0.985,0.129,-2.061,-1.733,2.328
18:05:06.596,0.106,0.983,0.114,-2.137,-1.557,2.061
18:05:06.796,0.099,0.983,0.125,-2.412,-1.481,2.427
18:05:07.004,0.104,0.979,0.115,-2.389,-1.779,2.107
18:05:07.205,0.106,0.981,0.118,-1.924,-1.649,2.183
18:05:07.405,0.104,0.985,0.121,-2.252,-1.481,1.977
18:05:07.606,0.096,0.974,0.112,-2.237,-1.641,1.992
18:05:07.812,0.104,0.987,0.115,-2.160,-1.702,1.893
18:05:08.013,0.107,0.983,0.122,-2.489,-1.550,1.847
18:05:08.216,0.096,0.996,0.120,-2.710,-1.519,1.947
18:05:08.414,0.101,0.981,0.118,-2.084,-1.695,2.206
18:05:08.614,0.099,0.985,0.124,-2.153,-1.466,1.992
18:05:08.815,0.104,0.990,0.117,-2.099,-1.626,2.382
18:05:09.024,0.097,0.979,0.119,-2.183,-1.702,2.214
18:05:09.224,0.097,0.988,0.117,-2.489,-1.511,1.954
18:05:09.426,0.107,0.991,0.126,-2.214,-1.481,2.107
18:05:09.630,0.098,0.990,0.121,-2.412,-1.656,1.969
18:05:09.832,0.099,0.985,0.128,-2.282,-1.489,2.267
18:05:10.034,0.102,0.988,0.116,-2.450,-1.427,2.053
18:05:10.235,0.097,0.985,0.119,-1.916,-1.641,2.382
18:05:10.436,0.098,0.988,0.121,-2.313,-1.527,2.153
18:05:10.634,0.103,0.985,0.117,-2.176,-1.580,2.282
18:05:10.835,0.098,0.983,0.122,-2.237,-1.534,2.198
18:05:11.044,0.105,0.986,0.119,-2.427,-1.511,2.076
18:05:11.244,0.098,0.987,0.124,-2.137,-1.580,2.412
18:05:11.444,0.101,0.987,0.118,-2.214,-1.473,2.076
18:05:11.650,0.101,0.982,0.120,-2.382,-1.496,2.214
18:05:11.851,0.100,0.984,0.115,-2.450,-1.443,1.954
18:05:12.054,0.098,0.985,0.117,-2.351,-1.656,2.282
18:05:12.255,0.104,0.990,0.118,-2.382,-1.710,2.168
18:05:12.456,0.102,0.987,0.132,-2.458,-1.725,2.115
18:05:12.655,0.098,0.982,0.124,-2.267,-1.397,2.282
18:05:12.854,0.095,0.983,0.122,-2.473,-1.687,2.084
18:05:13.063,0.096,0.985,0.118,-2.557,-1.687,2.099
18:05:13.265,0.104,0.985,0.119,-2.382,-1.855,2.153
18:05:13.464,0.095,0.988,0.120,-2.244,-1.496,2.450
18:05:13.670,0.102,0.984,0.122,-2.389,-1.511,2.160
18:05:13.872,0.105,0.988,0.118,-1.832,-1.603,2.198
18:05:14.074,0.107,0.983,0.111,-2.191,-1.588,1.947
18:05:14.274,0.121,0.980,0.108,-1.481,-1.649,3.160
18:05:14.475,0.101,0.987,0.118,-2.756,-1.489,1.573
18:05:14.675,0.104,0.988,0.117,-2.458,-1.756,1.771
18:05:14.875,0.098,0.985,0.122,-1.901,-1.634,2.275
18:05:15.084,0.109,0.989,0.124,-6.603,-1.046,-2.634
18:05:15.285,0.091,0.984,0.125,-2.389,-1.618,1.870
18:05:15.488,0.103,0.988,0.119,-2.649,-1.458,1.618
18:05:15.690,0.106,0.987,0.113,-2.504,-1.473,1.855
18:05:15.892,0.095,0.986,0.124,-2.260,-1.733,2.237
18:05:16.094,0.093,0.985,0.118,-2.061,-1.489,2.130
18:05:16.296,0.106,0.986,0.120,-2.511,-1.664,2.107
18:05:16.496,0.100,0.983,0.121,-2.122,-1.565,2.710
18:05:16.695,0.094,0.982,0.117,-2.122,-1.725,2.740
18:05:16.896,0.103,0.990,0.113,-2.344,-1.618,1.786
18:05:17.104,0.099,0.986,0.112,-2.458,-1.695,2.115
18:05:17.306,0.100,0.982,0.120,-2.427,-1.656,2.252
18:05:17.506,0.105,0.984,0.130,-2.427,-1.473,1.695
18:05:17.706,0.098,0.977,0.131,-2.176,-1.725,2.130
18:05:17.911,0.099,0.986,0.125,-2.252,-1.641,1.802
18:05:18.114,0.094,0.991,0.125,-2.672,-1.519,1.916
18:05:18.316,0.099,0.982,0.123,-1.977,-1.527,2.084
18:05:18.518,0.098,0.979,0.117,-2.359,-1.420,2.122
18:05:18.720,0.102,0.988,0.129,-2.588,-1.527,2.420
18:05:18.915,0.101,0.980,0.119,-2.084,-1.603,2.221
18:05:19.124,0.103,0.975,0.124,-2.229,-1.313,2.244
18:05:19.326,0.103,0.985,0.120,-2.252,-1.443,2.122
18:05:19.527,0.100,0.987,0.113,-2.031,-1.557,2.496
18:05:19.729,0.098,0.994,0.127,-2.389,-1.305,1.969
18:05:19.931,0.098,0.983,0.124,-2.000,-1.725,2.481
18:05:20.134,0.100,0.983,0.124,-2.183,-1.496,2.145
18:05:20.335,0.105,0.975,0.128,-1.855,-1.519,2.000
18:05:20.535,0.096,0.984,0.117,-2.420,-1.496,1.985
18:05:20.734,0.105,0.988,0.120,-2.260,-1.565,2.153
18:05:20.941,0.096,0.985,0.120,-2.198,-1.435,2.099
18:05:21.144,0.098,0.989,0.112,-2.420,-1.466,2.053
18:05:21.346,0.100,0.988,0.121,-2.336,-1.489,2.252
18:05:21.545,0.091,0.971,0.126,0.221,-2.779,7.244
18:05:21.750,0.083,0.994,0.120,-2.458,-1.130,1.076
18:05:21.952,0.099,0.990,0.121,-2.107,-1.565,2.489
18:05:22.153,0.106,0.978,0.119,-1.679,-1.725,3.137
18:05:22.356,0.099,0.981,0.107,-2.137,-1.405,2.092
18:05:22.555,0.101,0.981,0.123,-2.489,-1.496,2.336
18:05:22.755,0.101,0.987,0.118,-2.107,-1.473,2.397
18:05:22.954,0.108,0.990,0.114,-3.221,-1.718,1.954
18:05:23.164,0.083,0.971,0.120,-2.244,-1.397,2.076
18:05:23.365,0.110,1.012,0.101,-1.931,-2.740,6.237
18:05:23.564,0.132,0.963,0.125,-2.588,-0.947,-0.542
18:05:23.765,0.097,0.993,0.120,-3.382,-0.611,0.405
18:05:23.966,0.111,0.975,0.115,-3.733,0.824,1.710
18:05:24.174,0.103,0.973,0.146,-1.649,-1.527,1.817
18:05:24.375,0.095,0.986,0.115,0.427,-3.779,4.344
18:05:24.578,0.024,0.996,0.151,-17.366,-13.244,-24.046
18:05:24.775,0.118,0.973,0.149,-1.733,-3.168,1.664
18:05:24.976,0.103,0.983,0.114,-3.038,-3.366,1.046
18:05:25.184,0.101,0.985,0.144,-3.458,-2.267,-3.618
18:05:25.385,0.077,0.985,0.133,-1.893,-2.618,0.389
18:05:25.585,0.095,0.979,0.155,-1.786,-2.756,2.099
18:05:25.784,0.085,0.988,0.121,-1.626,-2.664,1.084
18:05:25.986,0.077,0.979,0.126,-1.435,-1.939,2.710
18:05:26.194,0.080,0.984,0.125,-2.527,-1.679,1.794
18:05:26.394,0.076,0.980,0.132,-2.038,-1.649,2.076
18:05:26.598,0.087,0.985,0.124,-2.191,-1.656,1.977
18:05:26.800,0.074,0.985,0.129,-2.359,-1.519,1.985
18:05:26.996,0.080,0.983,0.137,-2.458,-1.763,2.313
18:05:27.204,0.080,0.987,0.135,-2.176,-1.550,2.137
18:05:27.405,0.072,0.980,0.137,-2.328,-1.779,1.893
18:05:27.605,0.074,0.985,0.134,-2.298,-1.557,2.176
18:05:27.805,0.074,0.985,0.131,-2.298,-1.595,2.038
18:05:28.012,0.073,0.992,0.135,-2.511,-1.603,2.351
18:05:28.214,0.070,0.990,0.136,-2.115,-1.420,1.870
18:05:28.416,0.070,0.983,0.137,-2.328,-1.664,2.008
18:05:28.618,0.073,0.987,0.143,-2.794,-1.634,1.992
18:05:28.820,0.077,0.984,0.136,-2.229,-1.489,1.954
18:05:29.017,0.073,0.985,0.139,-2.198,-1.595,2.153
18:05:29.224,0.077,0.979,0.145,-2.443,-1.489,1.855
18:05:29.425,0.074,0.988,0.141,-2.275,-1.489,1.954
18:05:29.628,0.080,0.976,0.129,-2.809,-1.664,2.649
18:05:29.830,0.069,0.989,0.134,-2.099,-1.580,2.229
18:05:30.032,0.077,0.986,0.136,-2.313,-1.244,1.870
18:05:30.234,0.069,0.984,0.135,-2.061,-1.809,2.107
18:05:30.436,0.075,0.985,0.141,-2.443,-1.687,1.969
18:05:30.638,0.078,0.982,0.138,-2.458,-1.527,2.275
18:05:30.840,0.071,0.985,0.133,-2.321,-1.695,2.008
18:05:31.035,0.074,0.988,0.139,-2.458,-1.542,2.443
18:05:31.244,0.074,0.990,0.134,-2.992,-1.527,1.863
18:05:31.445,0.074,0.979,0.126,-2.008,-1.748,2.046
18:05:31.648,0.067,0.982,0.130,-1.931,-1.603,2.168
18:05:31.846,0.073,0.982,0.134,-2.053,-1.565,2.305
18:05:32.052,0.069,0.988,0.130,-2.405,-1.534,2.221
18:05:32.254,0.071,0.974,0.142,-2.115,-1.588,2.252
18:05:32.455,0.073,0.981,0.134,-2.122,-1.718,2.084
18:05:32.658,0.077,0.986,0.140,-2.359,-1.519,2.137
18:05:32.854,0.073,0.992,0.143,-2.435,-1.504,2.153
18:05:33.061,0.076,0.984,0.133,-2.092,-1.565,2.122
18:05:33.264,0.078,0.983,0.131,-2.427,-1.557,2.031
18:05:33.465,0.071,0.984,0.129,-2.450,-1.611,2.168
18:05:33.664,0.076,0.985,0.137,-2.221,-1.534,1.931
18:05:33.865,0.081,0.987,0.133,-2.176,-1.641,2.115
18:05:34.066,0.072,0.983,0.138,-2.191,-1.595,2.130
18:05:34.274,0.079,0.980,0.137,-2.153,-1.397,1.809
18:05:34.476,0.075,0.985,0.126,-2.282,-1.603,2.214
18:05:34.678,0.072,0.980,0.140,-2.168,-1.397,2.076
18:05:34.880,0.079,0.986,0.148,-2.214,-1.473,1.977
18:05:35.082,0.074,0.988,0.135,-2.260,-1.626,2.168
18:05:35.284,0.070,0.985,0.132,-2.168,-1.542,2.260
18:05:35.485,0.073,0.979,0.141,-2.198,-1.565,1.992
18:05:35.684,0.070,0.981,0.136,-2.244,-1.618,1.756
18:05:35.884,0.076,0.987,0.127,-2.298,-1.626,2.099
18:05:36.086,0.077,0.983,0.132,-2.214,-1.519,2.252
18:05:36.294,0.072,0.990,0.130,-2.168,-1.718,2.221
18:05:36.496,0.077,0.990,0.138,-2.359,-1.527,2.176
18:05:36.698,0.074,0.983,0.140,-2.366,-1.473,1.962
18:05:36.896,0.070,0.981,0.123,-2.519,-1.634,2.053
18:05:37.095,0.071,0.984,0.131,-2.092,-1.443,2.260
18:05:37.304,0.073,0.981,0.131,-2.221,-1.618,2.107
18:05:37.505,0.065,0.983,0.138,-2.351,-1.405,1.916
18:05:37.705,0.069,0.982,0.129,-2.489,-1.527,1.885
18:05:37.904,0.071,0.984,0.130,-2.053,-1.366,2.176
18:05:38.112,0.077,0.979,0.138,-2.214,-1.496,1.603
18:05:38.314,0.069,0.982,0.128,-2.550,-1.473,1.824
18:05:38.516,0.069,0.976,0.130,-2.244,-1.504,1.878
18:05:38.718,0.073,0.983,0.130,-2.473,-1.473,1.847
18:05:38.920,0.073,0.985,0.137,-2.405,-1.611,1.763
18:05:39.122,0.073,0.985,0.136,-2.206,-1.656,1.824
18:05:39.324,0.071,0.987,0.136,-2.489,-1.481,1.969
18:05:39.525,0.073,0.991,0.137,-2.313,-1.641,1.924
18:05:39.725,0.072,0.991,0.136,-2.214,-1.534,1.611
18:05:39.925,0.076,0.983,0.138,-2.458,-1.450,1.863
18:05:40.124,0.069,0.983,0.129,-2.252,-1.344,2.137
18:05:40.334,0.073,0.975,0.136,-2.038,-1.481,2.542
18:05:40.536,0.073,0.990,0.134,-2.359,-1.855,2.519
18:05:40.738,0.076,0.982,0.127,-2.160,-1.565,2.122
18:05:40.934,0.073,0.977,0.135,-2.130,-1.718,2.069
18:05:41.142,0.072,0.988,0.141,-2.603,-1.863,2.168
18:05:41.344,0.071,0.982,0.141,-2.198,-1.290,1.588
18:05:41.547,0.075,0.984,0.132,-2.443,-1.733,2.305
18:05:41.749,0.072,0.989,0.131,-2.511,-1.611,2.061
18:05:41.945,0.075,0.989,0.138,-2.267,-1.389,2.374
18:05:42.152,0.074,0.987,0.140,-2.382,-1.519,1.947
18:05:42.354,0.076,0.988,0.140,-2.580,-1.634,2.084
18:05:42.556,0.068,0.984,0.134,-2.023,-1.702,2.061
18:05:42.758,0.071,0.983,0.132,-2.412,-1.847,2.015
18:05:42.954,0.069,0.986,0.132,-2.580,-1.679,2.000
18:05:43.154,0.070,0.986,0.137,-2.221,-1.618,1.786
18:05:43.364,0.073,0.991,0.129,-2.443,-1.366,2.015
18:05:43.564,0.069,0.984,0.132,-2.321,-1.496,1.916
18:05:43.764,0.073,0.992,0.130,-2.473,-1.443,2.183
18:05:43.966,0.084,0.978,0.137,-2.412,-1.389,1.588
18:05:44.165,0.068,0.987,0.136,-1.733,-1.931,3.137
18:05:44.374,0.075,0.984,0.126,-2.992,-1.496,1.649
18:05:44.576,0.074,0.982,0.145,-2.664,-1.511,1.565
18:05:44.778,0.072,0.988,0.124,-1.550,-1.718,2.756
18:05:44.980,0.086,0.985,0.133,-2.076,-1.679,2.405
18:05:45.183,0.079,0.994,0.138,-3.069,-1.573,1.405
18:05:45.384,0.075,0.989,0.145,-2.466,-1.748,2.733
18:05:45.586,0.116,1.000,0.121,-3.786,1.351,-2.260
18:05:45.789,0.068,1.000,0.139,-0.664,-2.053,3.527
18:05:45.990,0.071,0.979,0.143,-2.275,-1.649,2.160
18:05:46.192,0.063,0.969,0.147,2.809,-3.718,10.092
18:05:46.394,0.073,0.984,0.144,-2.031,-1.137,1.748
18:05:46.594,0.055,0.979,0.146,-5.153,-0.588,-1.504
18:05:46.799,0.081,0.981,0.137,-3.107,-1.496,1.534
18:05:46.997,0.079,0.984,0.127,-2.313,-1.565,1.863
18:05:47.196,0.101,0.937,0.162,-2.176,-2.908,11.244
18:05:47.404,0.092,1.025,0.143,-1.015,-1.679,0.015
18:05:47.605,0.078,0.981,0.129,-3.099,-1.832,2.740
18:05:47.805,0.082,0.981,0.151,-2.069,-1.542,1.702
18:05:48.004,0.083,0.983,0.142,-1.901,-1.588,2.489
18:05:48.212,0.084,0.980,0.143,-2.435,-1.336,2.458
18:05:48.414,0.085,0.981,0.139,-1.863,-1.282,2.618
18:05:48.616,0.081,0.982,0.144,-2.305,-1.550,2.168
18:05:48.818,0.086,0.982,0.134,-2.725,-1.412,1.832
18:05:49.020,0.082,0.979,0.146,-2.565,-1.725,2.191
18:05:49.222,0.075,0.986,0.147,-2.397,-1.756,1.794
18:05:49.425,0.078,0.983,0.144,-2.176,-1.511,1.748
18:05:49.627,0.075,0.983,0.146,-2.038,-2.122,3.641
18:05:49.829,0.082,0.983,0.125,-2.137,-1.565,2.389
18:05:50.029,0.085,0.987,0.134,-2.282,-1.748,2.160
18:05:50.232,0.065,0.986,0.136,-2.328,-1.511,2.069
18:05:50.434,0.082,0.983,0.139,-2.092,-1.580,1.931
18:05:50.635,0.074,0.982,0.142,-2.725,-1.504,2.595
18:05:50.838,0.072,0.984,0.135,-2.046,-1.702,1.985
18:05:51.034,0.077,0.985,0.140,-2.031,-1.557,1.992
18:05:51.235,0.073,0.985,0.137,-2.305,-1.687,2.099
18:05:51.445,0.075,0.986,0.127,-2.336,-1.450,1.847
18:05:51.646,0.075,0.982,0.141,-2.015,-1.298,1.870
18:05:51.848,0.078,0.985,0.133,-2.351,-1.427,1.878
18:05:52.051,0.068,0.981,0.141,-2.229,-1.710,2.160
18:05:52.245,0.073,0.984,0.129,-2.198,-1.664,2.206
18:05:52.454,0.077,0.983,0.136,-2.328,-1.656,2.069
18:05:52.657,0.077,0.980,0.140,-2.313,-1.313,2.191
18:05:52.855,0.081,0.984,0.135,-2.206,-1.679,2.214
18:05:53.054,0.072,0.982,0.135,-2.267,-1.496,2.260
18:05:53.263,0.073,0.985,0.140,-2.221,-1.710,2.260
18:05:53.465,0.079,0.984,0.136,-2.198,-1.649,2.183
18:05:53.664,0.073,0.982,0.142,-2.168,-1.649,2.084
18:05:53.864,0.070,0.982,0.139,-2.366,-1.542,1.985
18:05:54.066,0.076,0.983,0.129,-2.252,-1.450,1.924
18:05:54.268,0.077,0.987,0.141,-2.466,-1.603,2.038
18:05:54.474,0.078,0.978,0.143,-2.382,-1.450,2.130
18:05:54.676,0.072,0.980,0.140,-2.237,-1.634,2.023
18:05:54.879,0.077,0.982,0.135,-2.321,-1.382,2.122
18:05:55.080,0.076,0.984,0.131,-2.122,-1.527,2.473
18:05:55.283,0.075,0.984,0.139,-2.519,-1.443,1.931
18:05:55.485,0.073,0.980,0.136,-2.176,-1.710,2.313
18:05:55.685,0.071,0.978,0.133,-2.420,-1.580,2.053
18:05:55.884,0.074,0.977,0.133,-2.069,-1.771,2.046
18:05:56.086,0.074,0.986,0.140,-2.321,-1.427,2.412
18:05:56.285,0.075,0.982,0.130,-2.405,-1.534,1.840
18:05:56.494,0.077,0.987,0.144,-2.359,-1.702,2.321
18:05:56.696,0.076,0.984,0.138,-2.260,-1.702,1.893
18:05:56.895,0.073,0.987,0.136,-2.298,-1.344,2.458
18:05:57.096,0.134,0.961,0.078,-7.183,-1.069,-3.092
18:05:57.295,0.076,0.987,0.138,-4.366,-1.084,-0.153
18:05:57.504,0.080,0.989,0.135,-2.611,-1.740,2.359
18:05:57.706,0.078,0.985,0.141,-2.183,-1.389,2.473
18:05:57.905,0.070,0.992,0.146,-3.397,-1.885,2.374
18:05:58.104,0.077,0.986,0.143,-3.229,-1.924,3.145
18:05:58.305,0.071,0.980,0.135,-3.076,-1.412,3.183
18:05:58.515,0.182,0.778,-0.021,13.313,-17.542,51.847
18:05:58.714,-0.166,0.913,0.325,56.527,-34.595,85.282
18:05:58.915,0.279,1.143,0.013,-48.130,-73.496,10.794
18:05:59.115,0.038,0.521,0.384,17.412,-35.626,22.412
18:05:59.316,0.156,0.932,0.131,0.519,1.847,8.145
18:05:59.524,0.200,0.968,0.136,-21.809,3.702,-10.206
18:05:59.726,0.195,1.064,0.081,19.656,-11.061,34.237
18:05:59.925,0.208,0.910,0.136,5.092,2.519,-2.962
18:06:00.126,0.190,0.985,0.116,-9.328,-4.115,-5.198
18:06:00.333,0.204,0.971,0.088,-12.611,5.038,-27.626
18:06:00.534,0.230,1.089,-0.002,0.649,3.931,73.466
18:06:00.735,0.216,0.925,0.164,6.168,-11.878,-1.084
18:07:30.915,0.027,0.979,0.191,-2.237,-1.328,1.969
18:07:31.110,0.038,0.979,0.193,-2.260,-1.412,1.809
18:07:31.312,0.031,0.978,0.187,-2.076,-1.595,2.053
18:07:31.520,0.027,0.979,0.191,-2.092,-1.519,2.702
18:07:31.720,0.031,0.980,0.175,-2.229,-1.603,2.137
18:07:31.920,0.038,0.973,0.178,-2.168,-1.756,2.267
18:07:32.122,0.031,0.986,0.184,-2.557,-1.893,2.023
18:07:32.321,0.033,0.974,0.172,-1.863,-1.710,2.191
18:07:32.530,0.035,0.979,0.179,-2.198,-1.252,1.824
18:07:32.733,0.036,0.976,0.187,-2.466,-1.802,1.985
18:07:32.934,0.029,0.971,0.185,-2.221,-1.588,2.023
18:07:33.137,0.033,0.980,0.193,-2.229,-1.527,2.023
18:07:33.335,0.033,0.979,0.179,-2.244,-1.435,2.000
18:07:33.541,0.041,0.972,0.187,-2.282,-1.550,2.061
18:07:33.741,0.041,0.981,0.185,-2.496,-1.160,1.916
18:07:33.940,0.032,0.981,0.177,-2.038,-1.542,2.038
18:07:34.142,0.034,0.982,0.196,-2.565,-1.695,2.023
18:07:34.341,0.041,0.983,0.186,-2.191,-1.275,1.954
18:07:34.550,0.039,0.983,0.177,-1.916,-1.466,2.092
18:07:34.751,0.034,0.984,0.182,-2.290,-1.397,2.191
18:07:34.954,0.039,0.980,0.182,-2.122,-1.427,2.153
18:07:35.156,0.034,0.975,0.183,-2.038,-1.542,1.969
18:07:35.359,0.039,0.985,0.182,-2.351,-1.557,2.008
18:07:35.561,0.037,0.976,0.177,-2.008,-1.702,2.206
18:07:35.761,0.029,0.977,0.180,-1.740,-1.855,2.191
18:07:35.961,0.040,0.981,0.187,-2.412,-1.794,2.008
18:07:36.166,0.035,0.982,0.180,-2.252,-1.351,1.863
18:07:36.369,0.032,0.972,0.194,-2.359,-2.221,2.008
18:07:36.570,0.037,0.980,0.183,-2.229,-1.580,2.099
18:07:36.773,0.043,0.983,0.186,-2.290,-0.985,1.733
18:07:36.972,0.040,0.980,0.186,-2.298,-1.985,2.099
18:07:37.172,0.035,0.969,0.190,-2.290,-1.366,2.069
18:07:37.372,0.037,0.977,0.180,-2.328,-2.160,2.046
18:07:37.581,0.039,0.978,0.169,-1.992,-1.244,2.031
18:07:37.783,0.042,0.983,0.184,-2.573,-1.763,1.985
18:07:37.981,0.039,0.979,0.185,-2.130,-1.214,1.863
18:07:38.187,0.037,0.978,0.182,-2.389,-1.817,2.168
18:07:38.389,0.036,0.979,0.186,-2.267,-1.366,2.084
18:07:38.590,0.034,0.975,0.186,-2.351,-1.344,1.939
18:07:38.793,0.036,0.979,0.184,-2.496,-1.458,2.031
18:07:38.990,0.038,0.976,0.191,-2.267,-1.466,1.954
18:07:39.191,0.034,0.979,0.189,-2.328,-1.527,1.847
18:07:39.399,0.042,0.979,0.182,-2.405,-1.733,1.908
18:07:39.600,0.036,0.974,0.181,-1.947,-1.511,2.282
18:07:39.803,0.042,0.987,0.176,-2.069,-1.008,2.069
18:07:40.004,0.038,0.985,0.187,-2.382,-1.450,1.985
18:07:40.202,0.035,0.968,0.180,-2.504,-1.779,1.885
18:07:40.409,0.041,0.982,0.184,-2.450,-2.015,2.107
18:07:40.610,0.031,0.977,0.181,-2.153,-1.718,2.130
18:07:40.812,0.034,0.976,0.179,-2.237,-1.580,1.595
18:07:41.015,0.042,0.985,0.195,-2.573,-1.947,1.962
18:07:41.216,0.037,0.976,0.175,-1.977,-1.405,1.908
18:07:41.419,0.036,0.974,0.180,-2.099,-1.473,1.939
18:07:41.621,0.040,0.978,0.179,-2.489,-1.176,2.061
18:07:41.820,0.032,0.977,0.179,-2.115,-1.603,1.924
18:07:42.024,0.040,0.981,0.187,-2.489,-1.466,1.969
18:07:42.227,0.045,0.980,0.187,-2.122,-1.878,2.092
18:07:42.429,0.039,0.976,0.185,-2.344,-1.908,2.221
18:07:42.631,0.043,0.985,0.183,-2.435,-1.511,2.031
18:07:42.831,0.043,0.979,0.183,-1.916,-1.534,1.931
18:07:43.035,0.037,0.976,0.195,-2.328,-1.702,2.183
18:07:43.235,0.037,0.974,0.183,-1.924,-1.748,2.031
18:07:43.437,0.042,0.974,0.189,-2.321,-1.595,2.046
18:07:43.640,0.039,0.979,0.180,-2.344,-1.588,1.977
18:07:43.841,0.038,0.980,0.180,-2.298,-1.779,2.092
18:07:44.040,0.039,0.980,0.185,-2.382,-1.206,1.908
18:07:44.242,0.042,0.978,0.174,-2.206,-1.519,1.901
18:07:44.449,0.033,0.975,0.179,-2.031,-1.832,2.206
18:07:44.650,0.033,0.989,0.183,-2.344,-1.809,2.023
18:07:44.852,0.034,0.979,0.187,-1.817,-1.527,1.847
18:07:45.054,0.031,0.983,0.177,-2.160,-1.351,2.214
18:07:45.253,0.036,0.976,0.175,-2.122,-1.550,1.931
18:07:45.459,0.033,0.975,0.187,-2.443,-1.420,2.008
18:07:45.660,0.035,0.976,0.181,-1.992,-1.565,2.069
18:07:45.863,0.033,0.982,0.187,-2.466,-1.511,2.000
18:07:46.062,0.032,0.979,0.191,-2.374,-1.641,2.076
18:07:46.262,0.036,0.975,0.187,-2.298,-1.481,1.832
18:07:46.469,0.042,0.985,0.188,-2.611,-1.397,1.992
18:07:46.671,0.038,0.979,0.179,-2.015,-1.542,1.901
18:07:46.872,0.033,0.979,0.177,-2.198,-1.809,2.092
18:07:47.072,0.034,0.979,0.178,-2.252,-1.763,2.160
18:07:47.277,0.035,0.975,0.175,-2.290,-1.649,2.000
18:07:47.471,0.037,0.978,0.187,-2.366,-1.557,2.069
18:07:47.680,0.034,0.976,0.170,-1.824,-1.695,2.260
18:07:47.882,0.035,0.973,0.176,-1.878,-1.588,2.260
18:07:48.085,0.035,0.981,0.185,-2.374,-2.481,1.046
18:07:48.286,0.038,0.979,0.180,-2.015,-1.954,2.595
18:07:48.489,0.034,0.981,0.178,-2.534,-1.718,2.053
18:07:48.691,0.031,0.980,0.181,-2.107,-1.550,2.107
18:07:48.892,0.032,0.985,0.189,-2.328,-1.588,1.313
18:07:49.095,0.036,0.980,0.180,-2.244,-1.802,1.985
18:07:49.297,0.036,0.978,0.179,-2.290,-1.794,1.855
18:07:49.499,0.028,0.980,0.183,-2.000,-1.924,2.221
18:07:49.701,0.037,0.978,0.190,-2.145,-1.679,1.916
18:07:49.901,0.043,0.970,0.170,-2.023,-1.038,1.931
18:07:50.102,0.037,0.990,0.177,-2.031,-1.366,1.924
18:07:50.302,0.034,0.979,0.189,-2.244,-1.733,1.924
18:07:50.509,0.038,0.978,0.186,-2.489,-2.076,1.924
18:07:50.710,0.040,0.978,0.181,-2.168,-1.504,2.038
18:07:50.912,0.030,0.980,0.178,-2.183,-1.359,2.038
18:07:51.112,0.026,0.979,0.188,-2.412,-1.954,2.168
18:07:51.316,0.035,0.978,0.179,-2.420,-1.847,1.916
18:07:51.519,0.037,0.980,0.176,-2.122,-1.221,1.962
18:07:51.720,0.035,0.980,0.176,-2.229,-1.626,2.092
18:07:51.923,0.032,0.974,0.175,-2.374,-1.282,2.000
18:07:52.125,0.032,0.979,0.185,-2.305,-1.656,2.015
18:07:52.322,0.040,0.983,0.187,-2.298,-1.168,2.137
18:07:52.528,0.031,0.979,0.174,-2.351,-1.397,1.992
18:07:52.731,0.032,0.974,0.181,-2.389,-1.534,2.069
18:07:52.932,0.031,0.981,0.176,-2.359,-1.397,2.046
18:07:53.135,0.033,0.973,0.182,-2.443,-1.908,2.031
18:07:53.337,0.026,0.976,0.173,-2.183,-1.137,2.206
18:07:53.539,0.033,0.981,0.164,-1.977,-1.893,2.397
18:07:53.741,0.031,0.984,0.177,-2.145,-1.321,1.786
18:07:53.942,0.037,0.979,0.180,-2.443,-1.557,1.832
18:07:54.145,0.031,0.977,0.179,-2.260,-1.397,2.168
18:07:54.342,0.034,0.979,0.170,-2.115,-1.710,2.160
18:07:54.549,0.030,0.972,0.175,-1.916,-1.473,2.191
18:07:54.751,0.033,0.975,0.176,-1.969,-1.168,2.008
18:07:54.953,0.035,0.983,0.177,-2.252,-1.397,1.908
18:07:55.155,0.037,0.981,0.186,-2.489,-1.740,2.061
18:07:55.353,0.034,0.980,0.178,-2.099,-1.771,2.176
18:07:55.553,0.043,0.979,0.172,-2.191,-1.573,2.023
18:07:55.760,0.035,0.979,0.182,-2.374,-1.504,2.145
18:07:55.963,0.033,0.976,0.181,-2.634,-1.489,1.908
18:07:56.160,0.030,0.986,0.177,-2.084,-1.702,2.031
18:07:56.360,0.030,0.975,0.179,-2.550,-1.870,2.115
18:07:56.570,0.039,0.979,0.180,-2.145,-1.695,2.084
18:07:56.771,0.033,0.975,0.177,-2.366,-1.588,1.893
18:07:56.973,0.032,0.976,0.180,-2.298,-1.672,2.046
18:07:57.173,0.034,0.973,0.179,-2.351,-1.863,2.076
18:07:57.373,0.032,0.978,0.185,-2.168,-1.511,2.038
18:07:57.579,0.039,0.979,0.179,-2.382,-1.664,2.176
18:07:57.780,0.028,0.979,0.177,-2.122,-1.466,1.870
18:07:57.983,0.032,0.974,0.178,-1.901,-1.718,2.305
18:07:58.181,0.039,0.979,0.186,-2.145,-1.786,2.427
18:07:58.380,0.033,0.979,0.174,-2.282,-1.771,2.229
18:07:58.580,0.031,0.984,0.176,-2.481,-1.672,2.069
18:07:58.791,0.029,0.984,0.180,-2.481,-1.298,1.962
18:07:58.990,0.031,0.981,0.183,-2.313,-1.695,2.160
18:07:59.190,0.035,0.975,0.179,-2.084,-1.649,1.908
18:07:59.391,0.028,0.979,0.182,-2.099,-1.840,1.977
18:07:59.599,0.028,0.976,0.185,-2.137,-1.504,1.939
18:07:59.800,0.034,0.981,0.170,-1.985,-1.305,1.893
18:08:00.002,0.035,0.978,0.179,-2.496,-1.496,2.221
18:08:00.202,0.030,0.977,0.174,-2.206,-1.427,1.954
18:08:00.407,0.034,0.973,0.174,-2.115,-1.786,2.076
18:08:00.609,0.030,0.978,0.168,-2.359,-1.496,1.893
18:08:00.811,0.040,0.979,0.177,-2.290,-1.382,1.908
18:08:01.012,0.042,0.976,0.178,-2.031,-1.649,1.763
18:08:01.210,0.032,0.977,0.185,-2.267,-1.908,1.870
18:08:01.417,0.035,0.979,0.187,-2.527,-1.313,1.954
18:08:01.619,0.032,0.975,0.176,-2.038,-1.992,2.137
18:08:01.821,0.035,0.976,0.170,-2.275,-1.672,2.298
18:08:02.020,0.037,0.979,0.185,-2.015,-1.573,2.008
18:08:02.221,0.034,0.972,0.178,-2.084,-1.588,1.893
18:08:02.421,0.038,0.981,0.178,-2.397,-1.664,2.290
18:08:02.629,0.034,0.976,0.178,-2.191,-1.618,2.168
18:08:02.831,0.038,0.979,0.185,-2.160,-1.718,1.977
18:08:03.031,0.031,0.978,0.190,-2.519,-1.618,1.901
18:08:03.231,0.039,0.981,0.179,-2.443,-1.504,2.336
18:08:03.437,0.038,0.975,0.175,-2.176,-1.244,1.779
18:08:03.639,0.039,0.974,0.183,-2.313,-1.672,1.947
18:08:03.841,0.034,0.979,0.173,-1.947,-1.557,2.084
18:08:04.040,0.034,0.982,0.181,-2.229,-1.603,1.962
18:08:04.240,0.036,0.980,0.183,-2.412,-1.786,1.931
18:08:04.442,0.036,0.990,0.176,-2.008,-1.420,1.962
18:08:04.649,0.033,0.978,0.177,-2.191,-1.687,2.229
18:08:04.850,0.033,0.980,0.181,-1.840,-1.466,2.191
18:08:05.052,0.038,0.977,0.174,-2.115,-1.298,2.183
18:08:05.251,0.027,0.979,0.185,-2.260,-1.634,2.046
18:08:05.454,0.037,0.984,0.174,-2.405,-1.580,2.061
18:08:05.659,0.032,0.978,0.175,-2.191,-1.389,1.824
18:08:05.860,0.033,0.981,0.171,-2.504,-1.611,2.076
18:08:06.061,0.036,0.978,0.186,-2.382,-1.718,2.183
18:08:06.260,0.035,0.979,0.177,-2.458,-1.466,2.168
18:08:06.460,0.031,0.980,0.190,-2.481,-1.588,1.840
18:08:06.669,0.031,0.985,0.179,-2.237,-1.847,2.237
18:08:06.870,0.039,0.977,0.176,-2.092,-1.687,2.015
18:08:07.070,0.031,0.978,0.190,-2.687,-1.557,2.153
18:08:07.271,0.031,0.981,0.166,-1.969,-1.702,2.168
18:08:07.471,0.037,0.979,0.174,-1.893,-1.382,2.160
18:08:07.679,0.046,0.978,0.177,-2.443,-1.359,1.824
18:08:07.881,0.032,0.974,0.184,-2.160,-1.725,1.977
18:08:08.081,0.037,0.977,0.176,-2.282,-1.496,2.023
18:08:08.282,0.044,0.980,0.172,-2.008,-1.656,2.351
18:08:08.480,0.029,0.978,0.176,-2.313,-1.786,1.992
18:08:08.689,0.043,0.977,0.176,-2.183,-1.275,2.015
18:08:08.890,0.031,0.979,0.170,-2.351,-1.542,2.122
18:08:09.093,0.038,0.980,0.177,-2.328,-1.534,2.122
18:08:09.295,0.031,0.981,0.175,-2.237,-1.656,1.954
18:08:09.497,0.034,0.983,0.180,-2.099,-1.534,2.191
18:08:09.699,0.037,0.979,0.188,-2.405,-1.687,1.870
18:08:09.901,0.036,0.979,0.181,-2.405,-1.718,2.038
18:08:10.104,0.043,0.979,0.184,-2.435,-1.565,2.137
18:08:10.302,0.030,0.979,0.171,-2.015,-1.687,2.244
18:08:10.501,0.035,0.978,0.179,-2.389,-1.565,2.046
18:08:10.709,0.037,0.979,0.184,-2.221,-1.618,2.023
18:08:10.912,0.043,0.977,0.179,-1.947,-1.641,2.214
18:08:11.112,0.034,0.982,0.181,-2.336,-1.603,1.870
18:08:11.310,0.038,0.981,0.183,-2.198,-1.366,2.015
18:08:11.510,0.032,0.981,0.174,-2.183,-1.534,1.763
18:08:11.719,0.035,0.978,0.191,-2.252,-1.634,2.015
18:08:11.920,0.034,0.979,0.186,-2.519,-1.710,1.947
18:08:12.120,0.034,0.976,0.181,-2.191,-1.573,2.023
18:08:12.325,0.032,0.979,0.173,-2.435,-1.702,2.137
18:08:12.527,0.031,0.976,0.190,-2.130,-1.626,2.183
18:08:12.729,0.032,0.981,0.174,-2.107,-1.664,2.099
18:08:12.931,0.037,0.976,0.181,-1.962,-1.542,2.122
18:08:13.131,0.036,0.976,0.173,-2.366,-1.656,1.901
18:08:13.331,0.032,0.978,0.180,-2.206,-1.595,1.924
18:08:13.537,0.039,0.980,0.178,-2.176,-1.603,2.069
18:08:13.739,0.037,0.982,0.183,-2.015,-1.824,1.885
18:08:13.942,0.037,0.980,0.182,-2.107,-1.626,1.969
18:08:14.140,0.030,0.975,0.181,-2.420,-1.527,2.015
18:08:14.340,0.034,0.976,0.176,-2.405,-1.496,2.084
18:08:14.541,0.035,0.976,0.187,-2.458,-1.489,2.084
18:08:14.749,0.038,0.977,0.178,-2.290,-1.542,2.023
18:08:14.950,0.031,0.975,0.181,-2.099,-1.573,2.153
18:08:15.153,0.030,0.976,0.177,-2.221,-1.450,1.786
18:08:15.355,0.027,0.979,0.184,-1.885,-1.771,2.130
18:08:15.552,0.045,0.986,0.177,-2.252,-1.504,2.137
18:08:15.759,0.030,0.984,0.175,-2.115,-1.634,2.191
18:08:15.962,0.031,0.978,0.177,-1.863,-1.748,2.435
18:08:16.161,0.034,0.974,0.179,-2.420,-1.664,1.992
18:08:16.365,0.036,0.979,0.175,-2.275,-1.458,2.137
18:08:16.562,0.037,0.976,0.180,-2.191,-1.649,2.008
18:08:16.769,0.039,0.982,0.176,-2.099,-1.389,1.756
18:08:16.971,0.032,0.974,0.183,-2.466,-1.565,1.794
18:08:17.170,0.031,0.980,0.174,-2.374,-1.565,1.985
18:08:17.371,0.031,0.973,0.189,-2.382,-1.588,1.855
18:08:17.571,0.040,0.979,0.177,-2.412,-1.511,2.282
18:08:17.779,0.036,0.969,0.179,-2.221,-1.542,2.084
18:08:17.982,0.041,0.980,0.190,-2.588,-1.489,1.893
18:08:18.181,0.035,0.983,0.177,-2.168,-1.351,2.122
18:08:18.382,0.040,0.978,0.186,-2.412,-1.649,2.023
18:08:18.587,0.041,0.984,0.171,-1.885,-1.168,2.359
18:08:18.789,0.037,0.979,0.174,-2.252,-1.420,1.985
18:08:18.991,0.030,0.978,0.179,-2.229,-1.412,2.244
18:08:19.190,0.038,0.981,0.184,-2.183,-1.687,2.115
18:08:19.395,0.037,0.980,0.180,-2.366,-1.702,2.206
18:08:19.591,0.034,0.977,0.178,-2.267,-1.374,2.115
18:08:19.799,0.037,0.982,0.172,-2.336,-1.595,2.298
18:08:20.000,0.041,0.978,0.182,-2.282,-1.618,2.092
18:08:20.201,0.036,0.982,0.176,-2.305,-1.527,2.122
18:08:20.402,0.042,0.977,0.176,-2.344,-1.427,1.992
18:08:20.601,0.031,0.980,0.180,-2.244,-1.527,2.092
18:08:20.809,0.042,0.979,0.194,-2.275,-1.458,1.786
18:08:21.011,0.035,0.979,0.183,-2.481,-1.725,2.076
18:08:21.214,0.031,0.981,0.177,-2.061,-1.573,2.137
18:08:21.414,0.031,0.986,0.174,-2.107,-1.824,2.168
18:08:21.615,0.036,0.981,0.191,-2.427,-1.359,1.809
18:08:21.819,0.038,0.978,0.180,-2.366,-1.374,2.000
18:08:22.020,0.033,0.976,0.182,-2.321,-1.924,2.092
18:08:22.221,0.036,0.978,0.174,-2.473,-1.534,2.046
18:08:22.422,0.037,0.983,0.181,-2.260,-1.779,1.977
18:08:22.627,0.033,0.980,0.172,-2.282,-1.489,2.000
18:08:22.829,0.037,0.978,0.174,-2.412,-1.687,2.031
18:08:23.031,0.035,0.983,0.180,-2.084,-1.687,2.023
18:08:23.233,0.038,0.981,0.187,-2.427,-1.344,2.160
18:08:23.432,0.039,0.972,0.173,-2.351,-1.626,1.840
18:08:23.637,0.047,0.977,0.181,-2.557,-1.298,2.198
18:08:23.839,0.032,0.971,0.181,-2.198,-1.221,1.786
18:08:24.041,0.032,0.975,0.182,-2.435,-1.641,1.947
18:08:24.240,0.027,0.969,0.186,-2.412,-1.863,1.954
18:08:24.441,0.035,0.982,0.179,-2.427,-1.412,1.985
18:08:24.641,0.037,0.986,0.176,-2.176,-1.725,2.084
18:08:24.850,0.035,0.979,0.182,-2.137,-1.389,2.099
18:08:25.052,0.035,0.975,0.182,-2.145,-1.802,2.183
18:08:25.251,0.040,0.981,0.185,-2.214,-1.473,1.985
18:08:25.456,0.031,0.979,0.175,-2.137,-1.626,1.985
18:08:25.657,0.038,0.985,0.183,-2.641,-1.427,1.824
18:08:25.859,0.038,0.981,0.184,-2.473,-1.466,1.954
18:08:26.061,0.042,0.986,0.180,-2.237,-1.244,2.145
18:08:26.264,0.036,0.983,0.174,-2.160,-1.542,1.939
18:08:26.465,0.037,0.982,0.177,-2.481,-1.344,2.092
18:08:26.661,0.034,0.971,0.173,-2.214,-2.000,2.321
18:08:26.869,0.038,0.979,0.177,-1.985,-1.382,1.947
18:08:27.071,0.026,0.982,0.180,-2.053,-1.649,2.031
18:08:27.274,0.039,0.982,0.179,-1.985,-1.374,2.038
18:08:27.476,0.028,0.975,0.170,-1.550,-1.092,1.985
18:08:27.677,0.036,0.976,0.168,-2.198,-1.344,1.954
18:08:27.879,0.037,0.981,0.170,-2.359,-1.435,2.084
18:08:28.081,0.041,0.978,0.182,-2.168,-1.603,2.122
18:08:28.281,0.037,0.981,0.174,-2.137,-1.496,2.191
18:08:28.481,0.033,0.977,0.176,-2.221,-1.672,2.053
18:08:28.688,0.035,0.982,0.184,-2.489,-1.275,1.786
18:08:28.890,0.030,0.979,0.183,-2.275,-1.718,2.176
18:08:29.091,0.035,0.976,0.177,-2.244,-1.542,2.023
18:08:29.294,0.034,0.974,0.179,-2.328,-1.771,2.267
18:08:29.491,0.036,0.976,0.177,-1.863,-1.824,1.916
18:08:29.691,-0.081,1.005,0.152,3.748,1.901,1.481
18:08:29.900,0.017,1.011,0.192,-12.153,-3.748,-2.099
18:08:30.102,0.193,1.088,0.287,-72.977,-7.947,19.435
18:08:30.304,0.046,0.803,0.544,-56.000,-13.710,15.115
18:08:30.506,0.193,0.667,0.543,44.710,-77.550,-26.328
18:08:30.708,0.312,1.056,0.328,-46.221,23.015,48.954
18:08:30.909,0.265,0.798,0.523,-25.427,6.992,-3.527
18:08:31.111,0.242,0.450,0.572,-26.115,11.855,-6.366
18:08:31.314,0.185,0.940,0.449,56.664,14.824,-53.023
18:08:31.516,0.288,0.848,0.454,-54.954,15.420,52.153
18:08:31.711,0.204,0.710,0.692,13.939,-38.550,10.237
18:08:31.920,0.351,0.740,0.506,20.389,-11.885,-25.802
18:08:32.122,0.237,0.841,0.517,-17.084,18.969,14.916
18:08:32.324,0.183,0.534,0.609,2.351,18.504,37.168
18:08:32.525,0.242,0.965,0.610,-3.374,8.053,8.359
18:08:32.728,0.321,0.655,0.445,17.466,-44.626,32.992
18:08:32.929,0.510,1.069,0.313,4.084,-10.947,-38.740
18:08:33.131,0.043,0.720,0.648,8.794,47.809,9.771
18:08:33.334,0.219,0.859,0.547,8.489,-70.412,48.924
18:08:33.534,0.318,0.736,0.506,-24.031,32.580,-28.191
18:08:33.738,0.225,0.872,0.563,-4.069,10.695,-1.947
18:08:33.940,0.242,0.838,0.479,10.458,2.466,-19.267
18:08:34.142,0.227,0.861,0.479,-2.725,-9.565,7.786
18:08:34.344,0.169,0.719,0.546,-31.351,16.366,2.855
18:08:34.545,0.275,0.979,0.490,22.511,-66.397,34.321
18:08:34.747,0.288,0.892,0.531,-27.855,79.389,-32.878
18:08:34.949,0.198,0.755,0.544,9.260,-120.466,0.611
18:08:35.152,0.242,0.919,0.516,-30.450,118.344,69.870
18:08:35.352,0.126,0.667,0.552,33.794,-72.664,-37.412
18:08:35.556,-0.048,0.548,0.714,20.557,9.794,29.198
18:08:35.756,0.159,0.660,0.437,20.710,12.527,-44.687
18:08:35.959,0.184,0.958,0.353,34.176,16.542,-3.618
18:08:36.162,-0.025,0.909,0.268,32.496,21.359,14.679
18:08:36.364,0.085,0.993,0.173,-2.389,-1.809,2.214
18:08:36.565,0.058,0.970,0.184,-2.275,-1.427,1.977
18:08:36.768,0.059,0.973,0.181,-2.366,-1.580,1.809
18:08:36.970,0.058,0.978,0.195,-2.237,-1.397,2.076
18:08:37.171,0.062,0.977,0.183,-2.275,-1.389,2.008
18:08:37.374,0.062,0.979,0.191,-2.817,-1.389,1.924
18:08:37.572,0.053,0.977,0.193,-2.618,-1.496,1.962
18:08:37.777,0.066,0.976,0.197,-2.351,-1.557,1.977
18:08:37.979,0.061,0.982,0.177,-2.427,-1.489,2.153
18:08:38.182,0.055,0.978,0.180,-2.389,-1.588,1.992
18:08:38.383,0.053,0.975,0.190,-2.290,-1.542,2.145
18:08:38.584,0.060,0.978,0.190,-2.145,-1.550,1.985
18:08:38.788,0.063,0.975,0.191,-2.176,-1.664,2.084
18:08:38.989,0.059,0.976,0.187,-2.374,-1.687,2.168
18:08:39.191,0.057,0.973,0.183,-2.672,-1.435,1.756
18:08:39.390,0.059,0.978,0.185,-2.618,-1.496,1.954
18:08:39.596,0.055,0.976,0.180,-2.160,-1.634,2.053
18:08:39.798,0.051,0.976,0.187,-2.397,-1.534,2.038
18:08:40.000,0.062,0.971,0.191,-1.962,-1.779,2.153
18:08:40.201,0.059,0.976,0.185,-2.466,-1.519,2.099
18:08:40.403,0.061,0.975,0.187,-2.176,-1.779,2.023
18:08:40.606,0.061,0.981,0.189,-2.260,-1.374,2.092
18:08:40.807,0.055,0.978,0.192,-2.435,-1.489,2.198
18:08:41.010,0.058,0.982,0.183,-2.176,-1.718,2.145
18:08:41.212,0.058,0.978,0.188,-2.427,-1.618,2.115
18:08:41.410,0.060,0.978,0.190,-2.137,-1.481,2.260
18:08:41.614,0.057,0.976,0.191,-2.511,-1.496,1.748
18:08:41.818,0.060,0.983,0.183,-2.412,-1.504,1.924
18:08:42.019,0.060,0.973,0.186,-2.130,-1.695,2.122
18:08:42.221,0.057,0.975,0.193,-2.313,-1.870,1.985
18:08:42.423,0.054,0.976,0.186,-2.389,-1.427,1.870
18:08:42.621,0.053,0.976,0.186,-2.076,-1.664,2.305
18:08:42.828,0.053,0.978,0.190,-2.527,-1.542,2.015
18:08:43.029,0.059,0.971,0.172,-2.099,-1.695,2.000
18:08:43.232,0.056,0.972,0.175,-2.443,-1.565,2.206
18:08:43.431,0.057,0.980,0.194,-2.290,-1.511,2.305
18:08:43.630,0.055,0.977,0.185,-2.305,-1.511,1.824
18:08:43.838,0.061,0.981,0.192,-2.275,-1.542,2.160
18:08:44.039,0.061,0.978,0.170,-2.168,-1.511,2.214
18:08:44.240,0.063,0.977,0.186,-2.656,-1.244,1.802
18:08:44.441,0.055,0.976,0.186,-2.313,-1.634,2.053
18:08:44.642,0.059,0.980,0.189,-2.397,-1.580,1.863
18:08:44.842,0.057,0.974,0.195,-2.053,-1.901,2.115
18:08:45.050,0.056,0.979,0.178,-2.260,-1.550,1.977
18:08:45.251,0.059,0.975,0.188,-2.649,-1.473,1.901
18:08:45.452,0.057,0.980,0.179,-2.145,-1.588,2.191
18:08:45.655,0.063,0.978,0.179,-2.214,-1.389,2.183
18:08:45.855,0.059,0.975,0.179,-2.321,-1.641,2.031
18:08:46.060,0.060,0.972,0.181,-2.359,-1.412,1.962
18:08:46.261,0.062,0.977,0.187,-2.817,-1.588,1.771
18:08:46.464,0.055,0.980,0.191,-2.183,-1.611,2.229
18:08:46.666,0.055,0.977,0.181,-2.267,-1.427,2.214
18:08:46.868,0.060,0.977,0.178,-2.305,-1.458,1.718
18:08:47.069,0.056,0.978,0.186,-2.168,-1.473,1.977
18:08:47.272,0.055,0.972,0.184,-2.267,-1.618,1.962
18:08:47.472,0.057,0.973,0.181,-2.397,-1.496,2.313
18:08:47.672,0.053,0.975,0.182,-2.198,-1.580,1.847
18:08:47.873,0.058,0.975,0.182,-2.290,-1.573,2.061
18:08:48.080,0.056,0.976,0.175,-1.695,-1.786,2.084
18:08:48.282,0.058,0.981,0.181,-2.038,-1.626,2.137
18:08:48.482,0.059,0.978,0.187,-2.458,-1.496,1.901
18:08:48.680,0.054,0.981,0.198,-2.443,-1.420,2.115
18:08:48.880,0.056,0.979,0.184,-2.313,-1.366,2.313
18:08:49.090,0.054,0.975,0.169,-2.107,-1.756,2.221
18:08:49.290,0.057,0.980,0.187,-2.298,-1.275,2.145
18:08:49.490,0.061,0.974,0.181,-2.260,-1.260,1.931
18:08:49.691,0.059,0.980,0.190,-2.298,-1.534,2.282
18:08:49.891,0.055,0.978,0.191,-2.191,-1.618,1.939
18:08:50.100,0.057,0.970,0.186,-2.053,-1.626,2.092
18:08:50.302,0.057,0.976,0.182,-2.412,-1.359,2.244
18:08:50.502,0.060,0.977,0.184,-2.145,-1.771,2.069
18:08:50.706,0.056,0.970,0.178,-1.885,-2.023,2.061
18:08:50.906,0.068,0.982,0.185,-2.260,-1.443,2.069
18:08:51.110,0.056,0.980,0.189,-2.611,-1.412,1.870
18:08:51.312,0.057,0.980,0.183,-2.336,-1.618,2.084
18:08:51.510,0.058,0.982,0.188,-2.191,-1.359,2.168
18:08:51.714,0.053,0.975,0.178,-2.244,-1.511,2.267
18:08:51.918,0.055,0.977,0.180,-2.237,-1.893,2.267
18:08:52.120,0.058,0.977,0.182,-2.031,-1.756,2.214
18:08:52.322,0.061,0.978,0.182,-2.122,-1.382,2.290
18:08:52.524,0.062,0.979,0.184,-2.267,-1.641,2.015
18:08:52.726,0.056,0.970,0.185,-2.282,-1.519,2.053
18:08:52.923,0.054,0.978,0.186,-2.282,-1.489,2.115
18:08:53.129,0.059,0.971,0.189,-2.496,-1.534,2.130
18:08:53.331,0.060,0.979,0.187,-2.328,-1.718,2.061
18:08:53.532,0.054,0.982,0.196,-2.427,-1.664,1.977
18:08:53.730,0.053,0.971,0.180,-1.977,-1.771,2.206
18:08:53.930,0.060,0.979,0.179,-2.214,-1.496,2.206
18:08:54.140,0.060,0.979,0.187,-2.542,-1.718,1.908
18:08:54.340,0.060,0.973,0.172,-2.443,-1.435,2.053
18:08:54.540,0.054,0.971,0.182,-2.092,-1.634,2.115
18:08:54.746,0.059,0.978,0.180,-2.588,-1.786,2.061
18:08:54.942,0.064,0.981,0.185,-2.092,-1.573,1.977
18:08:55.150,0.057,0.980,0.178,-2.496,-1.466,2.252
18:08:55.352,0.058,0.982,0.192,-2.725,-1.511,2.206
18:08:55.552,0.059,0.976,0.192,-2.405,-1.748,2.168
18:08:55.756,0.057,0.975,0.182,-2.137,-1.511,1.954
18:08:55.956,0.057,0.971,0.175,-2.008,-1.550,2.229
18:08:56.160,0.059,0.976,0.183,-2.275,-1.687,2.145
18:08:56.361,0.054,0.976,0.183,-2.076,-1.511,2.321
18:08:56.560,0.061,0.971,0.194,-2.061,-1.611,2.366
18:08:56.766,0.056,0.977,0.177,-2.008,-1.985,2.366
18:08:56.968,0.054,0.978,0.186,-2.198,-1.519,2.137
18:08:57.170,0.064,0.982,0.188,-2.664,-1.313,2.008
18:08:57.371,0.055,0.981,0.184,-2.344,-1.427,1.282
18:08:57.573,0.064,0.974,0.188,-2.603,-1.328,1.481
18:08:57.775,0.054,0.979,0.190,-1.992,-1.290,2.099
18:08:57.978,0.060,0.982,0.186,-2.466,-1.282,1.969
18:08:58.180,0.048,0.975,0.177,-2.031,-1.664,2.229
18:08:58.382,0.053,0.974,0.189,-2.168,-1.679,2.298
18:08:58.584,0.058,0.977,0.179,-2.221,-1.473,2.160
18:08:58.786,0.056,0.977,0.191,-2.679,-1.725,2.053
18:08:58.987,0.059,0.975,0.195,-2.588,-1.740,2.115
18:08:59.190,0.055,0.983,0.190,-2.137,-1.435,2.107
18:08:59.390,0.056,0.975,0.188,-2.298,-1.473,2.084
18:08:59.590,0.059,0.974,0.185,-2.198,-1.466,2.214
18:08:59.796,0.055,0.978,0.188,-2.595,-1.718,2.031
18:08:59.991,0.052,0.975,0.189,-2.237,-1.733,2.038
18:09:00.200,0.052,0.977,0.194,-1.771,-1.588,2.237
18:09:00.402,0.060,0.973,0.193,-2.649,-1.359,2.130
18:09:00.601,0.053,0.976,0.190,-2.252,-1.656,1.969
18:09:00.806,0.059,0.978,0.181,-2.366,-1.420,2.031
18:09:01.000,0.059,0.973,0.183,-2.427,-1.626,1.977
18:09:01.210,0.056,0.977,0.180,-2.443,-1.458,2.115
18:09:01.412,0.060,0.974,0.191,-2.374,-1.221,2.183
18:09:01.610,0.061,0.979,0.183,-2.443,-1.198,1.817
18:09:01.811,0.054,0.979,0.179,-2.008,-1.573,2.328
18:09:02.011,0.061,0.976,0.181,-2.351,-1.511,2.084
18:09:02.220,0.057,0.971,0.183,-2.359,-1.550,2.038
18:09:02.420,0.052,0.979,0.194,-2.282,-1.725,1.863
18:09:02.624,0.061,0.975,0.181,-1.947,-1.832,2.122
18:09:02.825,0.057,0.978,0.176,-2.267,-1.656,2.008
18:09:03.021,0.060,0.977,0.178,-2.298,-1.542,2.107
18:09:03.230,0.062,0.978,0.188,-2.168,-1.427,2.183
18:09:03.432,0.057,0.975,0.176,-1.908,-1.557,2.275
18:09:03.631,0.053,0.975,0.181,-2.084,-1.740,1.977
18:09:03.836,0.057,0.977,0.180,-2.389,-1.305,1.992
18:09:04.038,0.067,0.980,0.187,-2.412,-1.397,1.931
18:09:04.240,0.055,0.975,0.181,-2.214,-1.748,2.191
18:09:04.442,0.057,0.976,0.182,-2.405,-1.695,2.023
18:09:04.644,0.063,0.971,0.181,-1.985,-1.504,2.313
18:09:04.846,0.062,0.976,0.177,-2.160,-1.252,1.924
18:09:05.048,0.057,0.973,0.189,-2.237,-1.527,2.008
18:09:05.250,0.057,0.979,0.181,-2.672,-1.397,1.985
18:09:05.452,0.063,0.981,0.193,-2.672,-1.588,2.229
18:09:05.651,0.059,0.976,0.187,-2.351,-1.511,1.985
18:09:05.851,0.065,0.970,0.188,-2.160,-1.672,2.092
18:09:06.058,0.047,0.974,0.179,-1.817,-1.847,2.122
18:09:06.260,0.050,0.982,0.183,-2.305,-1.473,2.359
18:09:06.462,0.057,0.976,0.188,-2.344,-1.519,2.153
18:09:06.664,0.055,0.976,0.185,-2.282,-1.687,2.115
18:09:06.866,0.053,0.976,0.180,-2.366,-1.588,2.137
18:09:07.063,0.053,0.983,0.191,-2.481,-1.282,1.985
18:09:07.270,0.057,0.980,0.186,-2.366,-1.481,2.053
18:09:07.470,0.052,0.979,0.183,-2.290,-1.565,2.137
18:09:07.674,0.057,0.982,0.186,-2.359,-1.527,2.153
18:09:07.876,0.058,0.976,0.190,-2.328,-1.634,2.435
18:09:08.078,0.060,0.974,0.189,-2.282,-1.725,2.084
18:09:08.280,0.055,0.978,0.178,-2.542,-1.450,1.977
18:09:08.481,0.062,0.974,0.187,-2.305,-1.557,2.321
18:09:08.684,0.064,0.982,0.181,-2.130,-1.779,2.061
18:09:08.881,0.053,0.976,0.187,-2.160,-1.550,2.191
18:09:09.088,0.056,0.976,0.184,-2.344,-1.527,1.664
18:09:09.290,0.058,0.979,0.183,-2.519,-1.405,2.015
18:09:09.492,0.056,0.974,0.180,-2.275,-1.687,1.786
18:09:09.694,0.058,0.975,0.185,-2.611,-1.588,2.122
18:09:09.896,0.053,0.977,0.186,-2.550,-1.435,1.580
18:09:10.098,0.055,0.984,0.178,-2.206,-1.626,2.160
18:09:10.300,0.055,0.982,0.189,-2.328,-1.626,1.908
18:09:10.502,0.057,0.975,0.190,-2.412,-1.435,2.282
18:09:10.704,0.057,0.973,0.190,-2.252,-1.473,2.076
18:09:10.906,0.057,0.974,0.186,-2.290,-1.565,2.160
18:09:11.108,0.062,0.986,0.185,-2.305,-1.344,2.084
18:09:11.310,0.057,0.977,0.180,-2.504,-1.779,1.893
18:09:11.511,0.054,0.976,0.195,-2.069,-1.443,2.038
18:09:11.714,0.063,0.977,0.183,-2.359,-1.588,2.176
18:09:11.916,0.053,0.977,0.181,-2.206,-1.557,1.977
18:09:12.118,0.064,0.980,0.181,-1.985,-1.595,2.443
18:09:12.320,0.053,0.979,0.186,-2.145,-1.580,2.328
18:09:12.522,0.055,0.979,0.181,-2.244,-1.832,2.115
18:09:12.723,0.058,0.978,0.186,-2.321,-1.710,2.092
18:09:12.926,0.051,0.968,0.174,-1.977,-1.931,2.374
18:09:13.125,0.056,0.975,0.180,-2.168,-1.794,2.115
18:09:13.330,0.052,0.972,0.183,-2.252,-1.466,1.954
18:09:13.532,0.063,0.973,0.188,-2.557,-1.466,2.321
18:09:13.731,0.055,0.985,0.182,-1.733,-1.901,2.229
18:09:13.937,0.058,0.974,0.177,-2.313,-1.641,2.176
18:09:14.138,0.048,0.976,0.197,-2.550,-1.405,2.092
18:09:14.340,0.058,0.977,0.182,-2.389,-1.389,2.244
18:09:14.542,0.063,0.977,0.184,-2.076,-1.733,2.015
18:09:14.743,0.058,0.975,0.183,-2.260,-1.649,1.985
18:09:14.946,0.051,0.972,0.177,-2.252,-1.718,1.939
18:09:15.142,0.053,0.979,0.190,-2.603,-1.588,2.191
18:09:15.350,0.057,0.976,0.182,-2.008,-1.527,2.260
18:09:15.553,0.056,0.976,0.180,-2.313,-1.733,2.183
18:09:15.754,0.056,0.975,0.177,-2.237,-1.359,2.031
18:09:15.952,0.060,0.975,0.190,-2.679,-1.359,2.023
18:09:16.158,0.057,0.980,0.193,-2.664,-1.634,1.779
18:09:16.360,0.066,0.981,0.197,-2.458,-1.053,2.260
18:09:16.562,0.057,0.975,0.185,-2.313,-1.939,2.092
18:09:16.764,0.055,0.973,0.173,-2.168,-1.695,2.191
18:09:16.961,0.054,0.969,0.179,-2.290,-1.519,2.229
18:09:17.169,0.055,0.974,0.181,-2.229,-1.962,1.855
18:09:17.371,0.062,0.977,0.186,-2.168,-1.427,2.023
18:09:17.571,0.052,0.977,0.174,-1.878,-1.695,2.008
18:09:17.774,0.056,0.976,0.177,-2.321,-1.466,2.099
18:09:17.974,0.055,0.974,0.177,-2.244,-1.649,1.840
18:09:18.174,0.062,0.976,0.196,-2.107,-1.611,2.198
18:09:18.380,0.064,0.984,0.180,-2.145,-1.565,2.244
18:09:18.582,0.061,0.971,0.180,-2.237,-1.580,2.160
18:09:18.784,0.058,0.972,0.184,-2.427,-1.351,2.069
18:09:18.986,0.059,0.968,0.181,-1.962,-1.573,2.153
18:09:19.181,0.064,0.974,0.187,-2.504,-1.580,2.221
18:09:19.391,0.060,0.973,0.183,-1.992,-1.924,2.374
18:09:19.592,0.058,0.977,0.188,-2.176,-1.710,1.947
18:09:19.794,0.053,0.975,0.184,-2.328,-1.176,2.176
18:09:19.996,0.061,0.973,0.194,-1.962,-1.481,2.412
18:09:20.198,0.059,0.977,0.183,-2.458,-1.649,2.351
18:09:20.400,0.059,0.976,0.185,-2.092,-1.649,2.160
18:09:20.602,0.059,0.971,0.186,-2.221,-1.656,2.191
18:09:20.804,0.056,0.971,0.181,-2.183,-1.580,1.992
18:09:21.007,0.061,0.976,0.177,-2.328,-1.748,2.168
18:09:21.207,0.058,0.978,0.184,-2.435,-1.351,2.015
18:09:21.410,0.062,0.967,0.183,-2.260,-1.771,1.939
18:09:21.611,0.054,0.979,0.183,-2.397,-1.366,1.870
18:09:21.810,0.058,0.977,0.185,-2.336,-1.389,2.046
18:09:22.012,0.059,0.972,0.177,-2.214,-1.496,1.824
18:09:22.213,0.052,0.978,0.182,-2.290,-1.718,1.947
18:09:22.420,0.054,0.973,0.184,-2.053,-1.466,2.176
18:09:22.622,0.050,0.978,0.184,-2.321,-1.489,1.802
18:09:22.824,0.057,0.979,0.179,-2.176,-1.580,1.977
18:09:23.027,0.055,0.987,0.184,-2.382,-1.664,2.092
18:09:23.228,0.061,0.975,0.179,-2.260,-1.481,1.969
18:09:23.430,0.054,0.974,0.190,-2.244,-1.450,2.038
18:09:23.631,0.056,0.978,0.176,-1.847,-1.496,2.000
18:09:23.830,0.062,0.982,0.186,-2.305,-1.718,2.053
18:09:24.030,0.060,0.972,0.179,-2.237,-1.580,2.061
18:09:24.232,0.054,0.979,0.183,-2.252,-1.244,2.061
18:09:24.440,0.056,0.977,0.185,-2.137,-1.519,2.084
18:09:24.643,0.062,0.978,0.181,-2.069,-1.588,2.061
18:09:24.844,0.058,0.980,0.185,-2.679,-1.557,1.840
18:09:25.047,0.054,0.978,0.180,-2.260,-1.550,2.046
18:09:25.249,0.058,0.973,0.198,-2.458,-1.695,1.962
18:09:25.451,0.061,0.981,0.172,-2.115,-1.710,2.076
18:09:25.652,0.058,0.974,0.177,-2.229,-1.901,2.450
18:09:25.855,0.051,0.975,0.184,-2.252,-1.931,2.214
18:09:26.050,0.058,0.978,0.176,-2.122,-1.534,2.168
18:09:26.259,0.062,0.976,0.184,-2.618,-1.511,2.053
18:09:26.460,0.058,0.984,0.186,-2.260,-1.611,2.160
18:09:26.663,0.058,0.974,0.184,-2.267,-1.344,2.130
18:09:26.864,0.054,0.977,0.187,-2.458,-1.344,2.038
18:09:27.066,0.059,0.976,0.187,-2.779,-1.443,1.664
18:09:27.262,0.058,0.976,0.182,-2.366,-1.550,2.221
18:09:27.470,0.051,0.983,0.185,-2.176,-1.626,2.084
18:09:27.671,0.057,0.976,0.185,-2.076,-1.466,2.069
18:09:27.872,0.061,0.977,0.173,-2.351,-1.748,2.099
18:09:28.071,0.052,0.973,0.183,-2.214,-1.489,2.145
18:09:28.279,0.057,0.979,0.176,-2.237,-1.458,1.992
18:09:28.480,0.060,0.978,0.190,-2.198,-1.649,2.282
18:09:28.682,0.059,0.976,0.186,-2.519,-1.588,2.145
18:09:28.885,0.056,0.980,0.191,-2.221,-1.656,2.214
18:09:29.084,0.055,0.981,0.176,-2.107,-1.809,2.137
18:09:29.282,0.058,0.985,0.185,-2.359,-1.527,1.908
18:09:29.490,0.057,0.974,0.193,-1.748,-1.626,2.267
18:09:29.693,0.057,0.981,0.180,-1.947,-1.771,2.336
18:09:29.892,0.062,0.976,0.180,-2.489,-1.481,2.061
18:09:30.092,0.058,0.982,0.189,-2.466,-1.519,1.947
18:09:30.292,0.063,0.977,0.183,-2.489,-1.748,1.947
18:09:30.500,0.051,0.977,0.180,-1.885,-1.870,2.588
18:09:30.702,0.054,0.979,0.187,-2.397,-1.771,2.015
18:09:30.904,0.056,0.981,0.177,-2.313,-1.275,2.069
18:09:31.100,0.056,0.980,0.188,-2.267,-1.565,2.382
18:09:31.309,0.059,0.984,0.182,-2.397,-1.397,1.916
18:09:31.510,0.057,0.978,0.194,-2.229,-1.718,2.321
18:09:31.712,0.055,0.982,0.186,-2.069,-1.443,2.031
18:09:31.914,0.055,0.975,0.186,-2.176,-1.595,1.947
18:09:32.111,0.053,0.980,0.186,-2.176,-1.595,2.527
18:09:32.312,0.057,0.979,0.175,-2.130,-1.786,2.282
18:09:32.521,0.058,0.973,0.172,-2.137,-1.702,2.328
18:09:32.722,0.055,0.975,0.170,-2.221,-1.664,2.565
18:09:32.925,0.065,0.979,0.187,-2.534,-1.466,2.160
18:09:33.125,0.057,0.981,0.188,-2.443,-1.450,2.031
18:09:33.324,0.059,0.979,0.181,-2.252,-1.611,2.237
18:09:33.530,0.060,0.974,0.187,-2.244,-1.626,2.244
18:09:33.732,0.059,0.979,0.185,-2.244,-1.626,2.183
18:09:33.935,0.053,0.975,0.178,-2.405,-1.519,1.824
18:09:34.130,0.057,0.974,0.185,-2.237,-1.695,2.336
18:09:34.331,0.061,0.982,0.196,-2.687,-1.374,1.832
18:09:34.540,0.059,0.973,0.184,-2.115,-1.740,1.840
18:09:34.742,0.061,0.973,0.185,-2.313,-1.481,1.832
18:09:34.945,0.054,0.978,0.183,-2.382,-1.649,2.145
18:09:35.142,0.055,0.976,0.185,-2.344,-1.672,2.183
18:09:35.348,0.050,0.974,0.185,-2.366,-1.634,1.939
18:09:35.550,0.057,0.973,0.184,-2.344,-1.733,2.244
18:09:35.751,0.058,0.976,0.193,-2.366,-1.496,2.237
18:09:35.955,0.059,0.982,0.184,-2.565,-1.656,2.244
18:09:36.157,0.055,0.979,0.190,-2.405,-1.382,1.947
18:09:36.359,0.058,0.979,0.182,-2.336,-1.641,2.282
18:09:36.560,0.056,0.975,0.185,-2.206,-1.656,2.656
18:09:36.762,0.051,0.978,0.184,-2.168,-1.473,1.779
18:09:36.965,0.055,0.975,0.182,-2.397,-1.656,1.924
18:09:37.164,0.056,0.975,0.184,-2.260,-1.679,2.313
18:09:37.369,0.060,0.974,0.186,-2.237,-1.473,2.229
18:09:37.570,0.060,0.974,0.186,-2.511,-1.458,1.916
18:09:37.772,0.058,0.977,0.185,-2.656,-1.305,1.649
18:09:37.974,0.054,0.975,0.183,-2.069,-1.687,2.458
18:09:38.176,0.057,0.972,0.186,-2.229,-1.611,2.397
18:09:38.378,0.061,0.977,0.178,-2.099,-1.534,2.000
18:09:38.581,0.063,0.975,0.189,-2.634,-1.603,1.916
18:09:38.781,0.055,0.975,0.188,-2.282,-1.557,2.046
18:09:38.982,0.065,0.977,0.192,-2.534,-1.282,2.366
18:09:39.182,0.056,0.973,0.189,-2.450,-1.786,1.954
18:09:39.382,0.055,0.980,0.186,-2.069,-1.634,2.069
18:09:39.591,0.052,0.979,0.175,-1.802,-1.656,2.305
18:09:39.792,0.058,0.971,0.186,-2.786,-1.534,2.122
18:09:39.995,0.059,0.979,0.185,-2.107,-1.603,1.740
18:09:40.196,0.060,0.979,0.181,-2.145,-1.786,1.985
18:09:40.398,0.057,0.977,0.176,-2.466,-1.313,2.275
18:09:40.600,0.062,0.975,0.183,-2.550,-1.466,1.649
18:09:40.803,0.055,0.972,0.187,-2.443,-1.649,1.863
18:09:41.004,0.053,0.971,0.182,-2.252,-1.473,2.084
18:09:41.207,0.059,0.979,0.186,-2.107,-1.870,2.206
18:09:41.409,0.059,0.976,0.184,-2.557,-1.473,1.870
18:09:41.610,0.060,0.978,0.191,-2.504,-1.565,1.664
18:09:41.812,0.057,0.978,0.190,-2.328,-1.626,2.160
18:09:42.011,0.055,0.974,0.190,-2.435,-1.443,1.931
18:09:42.216,0.052,0.980,0.195,-2.443,-1.718,1.802
18:09:42.418,0.058,0.977,0.186,-2.344,-1.573,2.130
18:09:42.620,0.061,0.975,0.186,-2.405,-1.443,2.282
18:09:42.822,0.061,0.981,0.186,-2.038,-1.634,2.267
18:09:43.021,0.066,0.978,0.197,-2.863,-1.481,1.550
18:09:43.226,0.059,0.978,0.189,-2.267,-1.718,2.061
18:09:43.429,0.054,0.973,0.178,-1.962,-1.962,2.557
18:09:43.630,0.062,0.973,0.164,-1.985,-1.779,2.176
18:09:43.831,0.060,0.982,0.181,-2.366,-1.252,1.947
18:09:44.030,0.058,0.975,0.187,-2.511,-1.611,2.092
18:09:44.231,0.055,0.974,0.183,-2.023,-1.855,2.313
18:09:44.439,0.055,0.975,0.180,-2.168,-1.786,2.214
18:09:44.640,0.059,0.978,0.184,-2.359,-1.557,1.916
18:09:44.843,0.057,0.979,0.184,-2.420,-1.634,2.145
18:09:45.045,0.059,0.977,0.185,-2.481,-1.443,2.107
18:09:45.247,0.059,0.975,0.186,-2.328,-1.664,1.939
18:09:45.449,0.057,0.978,0.183,-2.046,-1.603,2.099
18:09:45.651,0.050,0.976,0.180,-2.015,-1.611,2.412
18:09:45.851,0.061,0.976,0.173,-2.389,-1.305,1.962
18:09:46.052,0.061,0.978,0.184,-2.336,-1.634,1.863
18:09:46.257,0.057,0.974,0.179,-1.733,-1.733,2.351
18:09:46.459,0.059,0.976,0.183,-2.038,-1.427,2.252
18:09:46.661,0.060,0.977,0.179,-2.046,-1.588,1.779
18:09:46.863,0.059,0.982,0.184,-2.458,-1.427,1.969
18:09:47.065,0.062,0.976,0.191,-2.008,-1.519,2.534
18:09:47.267,0.053,0.980,0.191,-2.298,-1.634,1.969
18:09:47.468,0.051,0.982,0.186,-2.412,-1.481,1.740
18:09:47.670,0.061,0.973,0.182,-2.252,-1.489,1.901
18:09:47.873,0.047,0.977,0.187,-2.382,-1.664,2.130
18:09:48.075,0.056,0.979,0.186,-2.427,-1.489,2.107
18:09:48.277,0.053,0.973,0.185,-2.389,-1.282,1.855
18:09:48.479,0.054,0.977,0.188,-2.336,-1.634,1.962
18:09:48.681,0.054,0.973,0.189,-2.351,-1.298,2.214
18:09:48.883,0.065,0.972,0.183,-2.427,-1.565,1.824
18:09:49.080,0.057,0.981,0.183,-2.282,-1.573,2.053
18:09:49.281,0.058,0.974,0.186,-2.145,-1.466,2.443
18:09:49.489,0.059,0.971,0.183,-2.481,-1.855,1.985
18:09:49.691,0.059,0.974,0.189,-2.405,-1.412,1.794
18:09:49.893,0.058,0.975,0.183,-2.282,-1.473,2.046
18:09:50.095,0.058,0.973,0.190,-2.191,-1.664,2.130
18:09:50.297,0.069,0.984,0.190,-2.435,-1.321,1.992
18:09:50.498,0.054,0.978,0.181,-2.237,-1.695,2.061
18:09:50.701,0.056,0.980,0.176,-2.298,-1.618,2.321
18:09:50.902,0.052,0.978,0.185,-2.145,-1.718,2.183
18:09:51.101,0.057,0.976,0.193,-2.389,-1.756,2.252
18:09:51.307,0.057,0.976,0.187,-2.130,-1.473,2.038
18:09:51.508,0.054,0.976,0.187,-2.160,-1.679,2.122
18:09:51.711,0.051,0.976,0.180,-2.351,-1.550,2.130
18:09:51.913,0.056,0.979,0.184,-2.298,-1.519,1.916
18:09:52.112,0.052,0.971,0.183,-2.435,-1.595,2.038
18:09:52.312,0.054,0.981,0.193,-2.267,-1.420,2.153
18:09:52.512,0.059,0.973,0.184,-2.382,-1.672,1.985
18:09:52.721,0.053,0.975,0.183,-2.305,-1.679,2.176
18:09:52.921,0.056,0.981,0.184,-2.130,-1.435,2.321
18:09:53.125,0.057,0.983,0.194,-2.336,-1.489,1.802
18:09:53.327,0.059,0.974,0.188,-2.519,-1.565,1.908
18:09:53.520,0.057,0.974,0.185,-2.344,-1.458,2.275
18:09:53.730,0.055,0.976,0.190,-2.298,-1.679,2.305
18:09:53.931,0.059,0.974,0.182,-2.473,-1.595,1.916
18:09:54.130,0.053,0.971,0.177,-2.534,-1.420,2.023
18:09:54.331,0.064,0.974,0.189,-2.382,-1.351,2.015
18:09:54.539,0.063,0.979,0.183,-2.198,-1.718,2.092
18:09:54.740,0.055,0.979,0.179,-2.542,-1.687,1.817
18:09:54.942,0.060,0.979,0.183,-2.336,-1.527,2.099
18:09:55.141,0.059,0.981,0.171,-2.107,-1.565,2.260
18:09:55.341,0.052,0.979,0.181,-2.618,-1.389,1.733
18:09:55.541,0.052,0.972,0.183,-2.305,-1.740,1.908
18:09:55.751,0.054,0.976,0.175,-2.290,-1.649,2.336
18:09:55.952,0.055,0.976,0.184,-2.328,-1.641,1.832
18:09:56.151,0.058,0.976,0.181,-2.160,-1.618,2.099
18:09:56.350,0.066,0.969,0.181,-1.939,-1.641,2.290
18:09:56.559,0.055,0.985,0.187,-2.229,-1.687,2.031
18:09:56.761,0.059,0.974,0.185,-2.527,-1.389,1.656
18:09:56.963,0.058,0.981,0.177,-2.038,-1.405,2.282
18:09:57.162,0.062,0.979,0.187,-1.702,-1.511,2.473
18:09:57.362,0.057,0.982,0.183,-2.542,-1.458,1.939
18:09:57.569,0.055,0.980,0.182,-2.221,-1.489,2.191
18:09:57.770,0.059,0.980,0.188,-2.237,-1.695,2.260
18:09:57.973,0.057,0.979,0.178,-2.382,-1.458,1.878
18:09:58.171,0.062,0.980,0.190,-2.374,-1.595,2.214
18:09:58.377,0.056,0.978,0.187,-2.290,-1.740,2.313
18:09:58.577,0.054,0.977,0.187,-2.427,-1.573,2.076
18:09:58.781,0.056,0.975,0.187,-2.252,-1.443,1.863
18:09:58.983,0.060,0.979,0.185,-2.305,-1.710,2.160
18:09:59.183,0.054,0.977,0.189,-2.267,-1.420,2.069
18:09:59.383,0.054,0.981,0.180,-2.366,-1.466,1.992
18:09:59.589,0.055,0.981,0.181,-2.511,-1.618,2.115
18:09:59.791,0.056,0.976,0.186,-2.176,-1.527,2.168
18:09:59.993,0.053,0.975,0.179,-2.214,-1.435,2.160
18:10:00.195,0.051,0.980,0.196,-2.298,-1.489,1.763
18:10:00.396,0.061,0.970,0.188,-2.275,-1.481,2.031
18:10:00.599,0.050,0.978,0.182,-2.267,-1.435,2.221
18:10:00.801,0.053,0.983,0.185,-2.229,-1.565,2.237
18:10:01.002,0.056,0.979,0.190,-2.351,-1.313,1.962
18:10:01.205,0.061,0.976,0.183,-1.901,-1.618,2.321
18:10:01.407,0.049,0.980,0.191,-2.092,-1.458,2.214
18:10:01.609,0.059,0.976,0.182,-2.420,-1.740,1.771
18:10:01.811,0.057,0.974,0.182,-2.313,-1.557,2.031
18:10:02.013,0.060,0.976,0.183,-2.305,-1.710,2.420
18:10:02.215,0.058,0.974,0.182,-2.168,-1.595,2.008
18:10:02.417,0.062,0.972,0.178,-2.229,-1.397,1.962
18:10:02.618,0.058,0.981,0.189,-2.427,-1.389,2.122
18:10:02.821,0.057,0.978,0.185,-2.107,-1.641,2.092
18:10:03.023,0.062,0.977,0.188,-2.427,-1.740,1.969
18:10:03.225,0.058,0.978,0.186,-2.336,-1.740,2.229
18:10:03.427,0.059,0.980,0.182,-2.435,-1.573,1.809
18:10:03.629,0.056,0.971,0.187,-2.229,-1.649,2.313
18:10:03.831,0.061,0.983,0.184,-2.137,-1.481,1.931
18:10:04.033,0.062,0.978,0.195,-1.878,-1.618,2.122
18:10:04.235,0.058,0.974,0.191,-2.267,-1.641,1.992
18:10:04.437,0.054,0.974,0.186,-2.489,-1.527,2.191
18:10:04.639,0.059,0.976,0.192,-2.031,-1.450,2.275
18:10:04.841,0.064,0.975,0.188,-2.473,-1.595,1.802
18:10:05.043,0.050,0.972,0.188,-1.985,-1.641,2.176
18:10:05.245,0.060,0.979,0.184,-2.405,-1.573,1.969
18:10:05.443,0.058,0.980,0.190,-2.511,-1.489,1.840
18:10:05.649,0.057,0.966,0.188,-2.168,-1.496,1.473
18:10:05.850,0.059,0.973,0.183,-2.374,-1.595,1.939
18:10:06.053,0.055,0.975,0.188,-2.298,-1.565,2.198
18:10:06.254,0.059,0.976,0.178,-2.229,-1.855,2.252
18:10:06.450,0.055,0.982,0.185,-2.221,-1.687,2.130
18:10:06.659,0.058,0.977,0.182,-2.137,-1.603,2.145
18:10:06.861,0.059,0.979,0.184,-2.183,-1.771,2.237
18:10:07.063,0.054,0.975,0.188,-2.305,-1.740,1.824
18:10:07.265,0.061,0.987,0.181,-2.244,-1.641,2.198
18:10:07.462,0.052,0.974,0.187,-2.351,-1.595,2.099
18:10:07.669,0.061,0.976,0.179,-2.359,-1.542,1.939
18:10:07.871,0.054,0.979,0.184,-2.489,-1.397,2.023
18:10:08.073,0.060,0.976,0.179,-2.290,-1.725,1.908
18:10:08.272,0.056,0.978,0.190,-2.344,-1.595,2.031
18:10:08.477,0.057,0.975,0.186,-2.305,-1.748,2.160
18:10:08.679,0.054,0.973,0.189,-2.305,-1.771,2.069
18:10:08.880,0.058,0.978,0.179,-2.351,-1.626,2.053
18:10:09.081,0.057,0.977,0.179,-2.160,-1.511,2.092
18:10:09.280,0.050,0.974,0.183,-2.092,-1.664,2.069
18:10:09.481,0.055,0.976,0.179,-2.313,-1.649,2.122
18:10:09.689,0.058,0.977,0.176,-2.008,-1.702,2.122
18:10:09.890,0.062,0.977,0.186,-2.214,-1.420,2.000
18:10:10.093,0.061,0.974,0.194,-2.053,-1.366,2.313
18:10:10.295,0.060,0.977,0.185,-2.221,-1.496,2.145
18:10:10.497,0.059,0.984,0.197,-2.565,-1.389,1.947
18:10:10.699,0.059,0.971,0.183,-2.168,-1.527,2.160
18:10:10.901,0.052,0.978,0.182,-2.565,-1.863,2.076
18:10:11.102,0.062,0.976,0.179,-2.015,-1.565,2.351
18:10:11.300,0.058,0.978,0.179,-2.382,-1.656,2.053
18:10:11.500,0.063,0.978,0.176,-2.046,-1.534,2.275
18:10:11.709,0.051,0.977,0.177,-2.130,-1.260,2.137
18:10:11.911,0.056,0.977,0.186,-2.397,-1.595,1.840
18:10:12.113,0.060,0.977,0.192,-2.458,-1.534,2.084
18:10:12.315,0.057,0.974,0.188,-2.267,-1.641,2.183
18:10:12.511,0.055,0.975,0.192,-2.542,-1.534,2.099
18:10:12.719,0.056,0.977,0.187,-2.420,-1.603,1.893
18:10:12.921,0.052,0.979,0.185,-2.412,-1.664,2.023
18:10:13.123,0.060,0.978,0.178,-2.191,-1.580,1.885
18:10:13.321,0.054,0.974,0.183,-2.160,-1.626,1.885
18:10:13.527,0.053,0.977,0.178,-2.160,-1.771,2.076
18:10:13.729,0.054,0.977,0.184,-2.282,-1.489,2.115
18:10:13.931,0.056,0.982,0.184,-2.069,-1.298,2.061
18:10:14.133,0.055,0.971,0.181,-2.191,-1.748,2.176
18:10:14.333,0.061,0.979,0.183,-2.366,-1.412,2.115
18:10:14.534,0.050,0.978,0.181,-2.198,-1.504,2.023
18:10:14.739,0.049,0.978,0.190,-2.466,-1.542,2.008
18:10:14.940,0.057,0.982,0.187,-2.282,-1.595,2.336
18:10:15.143,0.054,0.976,0.186,-2.198,-1.504,2.145
18:10:15.344,0.060,0.977,0.182,-2.336,-1.374,2.252
18:10:15.543,0.059,0.980,0.179,-2.122,-1.550,2.290
18:10:15.749,0.059,0.973,0.189,-2.092,-1.557,2.069
18:10:15.950,0.063,0.979,0.178,-2.214,-1.733,2.435
18:10:16.151,0.060,0.975,0.186,-2.122,-1.527,2.191
18:10:16.350,0.057,0.977,0.183,-2.443,-1.679,2.183
18:10:16.552,0.056,0.982,0.182,-2.374,-1.519,1.809
18:10:16.759,0.059,0.979,0.183,-2.405,-1.687,1.954
18:10:16.960,0.059,0.976,0.181,-2.405,-1.435,2.084
18:10:17.160,0.059,0.974,0.180,-2.168,-1.153,2.099
18:10:17.361,0.053,0.977,0.189,-2.122,-1.656,2.038
18:10:17.567,0.057,0.978,0.182,-2.359,-1.565,2.076
18:10:17.769,0.058,0.971,0.192,-2.397,-1.679,2.252
18:10:17.971,0.057,0.976,0.183,-2.191,-1.519,2.275
18:10:18.173,0.061,0.981,0.186,-2.321,-1.557,2.069
18:10:18.371,0.060,0.980,0.182,-2.099,-1.573,2.015
18:10:18.577,0.055,0.976,0.184,-2.374,-1.443,2.069
18:10:18.779,0.059,0.975,0.184,-2.290,-1.817,2.321
18:10:18.982,0.059,0.976,0.190,-2.267,-1.550,2.229
18:10:19.180,0.058,0.976,0.183,-2.214,-1.603,2.031
18:10:19.384,0.057,0.977,0.182,-2.153,-1.611,2.061
18:10:19.582,0.058,0.975,0.183,-2.160,-1.519,2.176
18:10:19.789,0.057,0.972,0.187,-2.122,-1.527,2.122
18:10:19.992,0.061,0.978,0.182,-2.443,-1.603,2.053
18:10:20.194,0.057,0.975,0.183,-2.344,-1.351,2.366
18:10:20.395,0.061,0.979,0.182,-2.313,-1.603,1.916
18:10:20.597,0.060,0.982,0.182,-2.794,-1.519,1.962
18:10:20.799,0.056,0.977,0.178,-2.031,-1.366,1.939
18:10:21.001,0.057,0.976,0.182,-2.183,-1.481,1.893
18:10:21.203,0.059,0.974,0.186,-2.305,-1.634,2.061
18:10:21.401,0.057,0.979,0.185,-2.397,-1.550,2.076
18:10:21.601,0.062,0.981,0.187,-2.153,-1.634,2.107
18:10:21.809,0.064,0.978,0.182,-2.336,-1.511,2.000
18:10:22.011,0.056,0.973,0.182,-2.244,-1.618,2.221
18:10:22.213,0.053,0.977,0.182,-2.389,-1.565,1.931
18:10:22.415,0.055,0.976,0.175,-1.947,-1.664,2.153
18:10:22.611,0.059,0.982,0.186,-2.275,-1.405,2.397
18:10:22.819,0.057,0.974,0.185,-2.191,-1.687,1.802
18:10:23.021,0.055,0.977,0.181,-2.282,-1.260,2.053
18:10:23.221,0.062,0.982,0.177,-2.382,-1.580,2.237
18:10:23.421,0.063,0.978,0.187,-2.252,-1.534,1.870
18:10:23.627,0.056,0.977,0.188,-2.336,-1.389,2.008
18:10:23.829,0.060,0.979,0.184,-2.374,-1.649,1.748
18:10:24.031,0.061,0.978,0.186,-2.588,-1.527,1.977
18:10:24.233,0.059,0.985,0.188,-2.634,-1.290,1.931
18:10:24.435,0.051,0.978,0.177,-2.198,-1.252,2.290
18:10:24.635,0.053,0.976,0.179,-2.168,-1.351,2.145
18:10:24.839,0.056,0.979,0.177,-2.244,-1.573,1.847
18:10:25.040,0.055,0.980,0.187,-2.237,-1.634,1.939
18:10:25.244,0.050,0.978,0.175,-2.229,-1.695,1.992
18:10:25.445,0.062,0.974,0.194,-2.466,-1.603,1.954
18:10:25.647,0.054,0.979,0.185,-2.481,-1.626,1.893
18:10:25.850,0.048,0.979,0.184,-2.008,-1.519,2.244
18:10:26.052,0.060,0.979,0.194,-2.344,-1.740,1.992
18:10:26.252,0.054,0.976,0.186,-2.397,-1.542,1.969
18:10:26.451,0.058,0.970,0.182,-2.160,-1.588,2.000
18:10:26.651,0.055,0.983,0.188,-2.214,-1.733,2.359
18:10:26.859,0.052,0.974,0.186,-2.489,-1.557,1.832
18:10:27.061,0.063,0.974,0.181,-2.336,-1.489,2.038
18:10:27.263,0.052,0.976,0.188,-2.282,-1.649,2.183
18:10:27.466,0.056,0.973,0.181,-2.244,-1.641,1.947
18:10:27.668,0.053,0.974,0.179,-2.427,-1.504,2.305
18:10:27.869,0.053,0.975,0.196,-2.244,-1.794,2.321
18:10:28.071,0.055,0.981,0.181,-2.260,-1.672,1.870
18:10:28.271,0.058,0.980,0.186,-2.198,-1.573,1.962
18:10:28.472,0.062,0.980,0.188,-2.260,-1.641,2.099
18:10:28.677,0.055,0.980,0.187,-2.443,-1.634,1.954
18:10:28.879,0.059,0.979,0.185,-2.427,-1.611,2.000
18:10:29.081,0.052,0.973,0.184,-2.351,-1.565,2.092
18:10:29.283,0.052,0.973,0.188,-2.397,-1.580,1.672
18:10:29.486,0.060,0.979,0.179,-2.206,-1.511,1.908
18:10:29.683,0.061,0.973,0.185,-2.244,-1.626,2.282
18:10:29.889,0.054,0.972,0.188,-2.481,-1.359,1.748
18:10:30.090,0.054,0.974,0.188,-2.573,-1.489,2.000
18:10:30.294,0.055,0.981,0.185,-2.534,-1.450,2.061
18:10:30.495,0.062,0.982,0.185,-2.244,-1.321,2.122
18:10:30.694,0.060,0.977,0.186,-2.481,-1.527,2.107
18:10:30.899,0.063,0.973,0.181,-2.267,-1.702,2.168
18:10:31.101,0.057,0.980,0.184,-2.237,-1.618,2.450
18:10:31.302,0.052,0.982,0.188,-2.344,-1.588,2.229
18:10:31.502,0.056,0.976,0.190,-2.374,-1.511,1.870
18:10:31.704,0.059,0.976,0.180,-2.282,-1.580,2.107
18:10:31.910,0.062,0.977,0.188,-2.115,-1.557,2.198
18:10:32.110,0.060,0.979,0.191,-2.076,-1.489,2.260
18:10:32.313,0.059,0.972,0.180,-2.252,-1.779,2.366
18:10:32.515,0.054,0.979,0.191,-2.191,-1.679,2.267
18:10:32.717,0.048,0.970,0.175,-1.939,-1.664,2.069
18:10:32.919,0.056,0.975,0.195,-2.374,-1.550,2.076
18:10:33.121,0.063,0.980,0.183,-2.443,-1.595,1.718
18:10:33.322,0.061,0.977,0.190,-2.252,-1.519,2.298
18:10:33.526,0.054,0.986,0.179,-2.290,-1.527,2.015
18:10:33.728,0.053,0.977,0.190,-1.908,-1.809,2.061
18:10:33.929,0.053,0.981,0.185,-2.496,-1.695,2.237
18:10:34.131,0.056,0.979,0.198,-2.466,-1.458,2.015
18:10:34.334,0.062,0.980,0.186,-2.145,-1.603,1.794
18:10:34.535,0.052,0.975,0.195,-2.435,-1.588,2.137
18:10:34.737,0.055,0.974,0.188,-2.405,-1.481,1.809
18:10:34.939,0.060,0.973,0.178,-2.214,-1.710,2.053
18:10:35.140,0.062,0.977,0.194,-2.321,-1.504,2.382
18:10:35.342,0.058,0.979,0.175,-2.321,-1.496,1.969
18:10:35.545,0.064,0.982,0.178,-2.221,-1.550,2.130
18:10:35.744,0.057,0.982,0.182,-2.412,-1.702,1.847
18:10:35.949,0.052,0.975,0.186,-2.115,-1.702,2.107
18:10:36.152,0.055,0.979,0.182,-2.275,-1.718,1.969
18:10:36.352,0.054,0.971,0.180,-1.740,-1.618,2.145
18:10:36.550,0.058,0.977,0.177,-2.214,-1.550,1.878
18:10:36.757,0.059,0.977,0.188,-2.176,-1.710,2.244
18:10:36.959,0.059,0.975,0.189,-2.069,-1.687,2.458
18:10:37.161,0.055,0.982,0.180,-2.214,-1.420,1.855
18:10:37.361,0.059,0.974,0.186,-2.656,-1.580,1.916
18:10:37.562,0.055,0.977,0.191,-2.382,-1.458,2.000
18:10:37.761,0.062,0.976,0.189,-2.679,-1.450,1.931
18:10:37.969,0.055,0.975,0.183,-2.221,-1.511,2.221
18:10:38.172,0.057,0.978,0.191,-2.435,-1.702,1.992
18:10:38.374,0.059,0.979,0.186,-2.275,-1.435,2.115
18:10:38.571,0.058,0.972,0.190,-2.443,-1.489,2.237
18:10:38.778,0.058,0.977,0.180,-2.405,-1.466,2.321
18:10:38.979,0.056,0.972,0.181,-1.977,-1.626,2.160
18:10:39.182,0.060,0.975,0.186,-2.313,-1.634,1.962
18:10:39.384,0.059,0.976,0.193,-2.511,-1.473,2.305
18:10:39.586,0.053,0.977,0.187,-2.443,-1.649,2.153
18:10:39.784,0.061,0.981,0.193,-2.183,-1.511,1.969
18:10:39.990,0.046,0.974,0.172,-1.695,-1.588,2.282
18:10:40.192,0.055,0.976,0.182,-2.275,-1.649,2.305
18:10:40.392,0.059,0.983,0.185,-2.305,-1.389,1.809
18:10:40.596,0.055,0.982,0.182,-2.588,-1.389,1.863
18:10:40.797,0.052,0.981,0.188,-2.458,-1.534,1.947
18:10:41.000,0.055,0.978,0.176,-1.985,-1.573,2.214
18:10:41.201,0.059,0.978,0.190,-2.260,-1.557,2.359
18:10:41.404,0.062,0.974,0.189,-2.832,-1.427,1.580
18:10:41.606,0.057,0.979,0.184,-2.206,-1.672,1.985
18:10:41.808,0.054,0.973,0.191,-2.229,-1.473,2.290
18:10:42.010,0.054,0.975,0.187,-2.221,-1.603,1.817
18:10:42.212,0.062,0.975,0.179,-2.351,-1.618,2.145
18:10:42.414,0.057,0.980,0.177,-2.183,-1.588,2.405
18:10:42.616,0.053,0.979,0.194,-2.153,-1.603,2.130
18:10:42.817,0.060,0.981,0.186,-2.252,-1.466,1.954
18:10:43.019,0.053,0.974,0.191,-2.534,-1.496,2.267
18:10:43.221,0.052,0.980,0.187,-2.153,-1.634,2.198
18:10:43.421,0.054,0.979,0.183,-2.412,-1.649,2.061
18:10:43.622,0.063,0.977,0.190,-1.916,-1.656,2.382
18:10:43.828,0.058,0.975,0.182,-2.481,-1.489,2.092
18:10:44.030,0.057,0.978,0.187,-2.305,-1.473,2.183
18:10:44.232,0.056,0.973,0.184,-1.840,-1.740,2.366
18:10:44.434,0.055,0.974,0.181,-2.412,-1.634,1.832
18:10:44.632,0.053,0.974,0.188,-2.321,-1.466,1.947
18:10:44.831,0.058,0.975,0.190,-2.580,-1.435,1.901
18:10:45.039,0.057,0.972,0.175,-2.206,-1.595,2.076
18:10:45.241,0.057,0.976,0.185,-2.153,-1.611,2.244
18:10:45.441,0.065,0.977,0.181,-2.489,-1.458,1.969
18:10:45.642,0.058,0.979,0.175,-2.282,-1.496,2.061
18:10:45.848,0.054,0.985,0.183,-2.290,-1.557,2.176
18:10:46.050,0.057,0.976,0.177,-2.351,-1.527,2.130
18:10:46.252,0.056,0.975,0.187,-2.374,-1.649,1.977
18:10:46.454,0.057,0.980,0.186,-2.328,-1.550,2.183
18:10:46.656,0.058,0.979,0.186,-2.137,-1.733,2.282
18:10:46.858,0.048,0.975,0.187,-2.237,-1.718,2.237
18:10:47.060,0.055,0.978,0.177,-2.420,-1.519,1.931
18:10:47.261,0.057,0.973,0.180,-1.985,-1.588,2.198
18:10:47.464,0.053,0.974,0.186,-2.115,-1.550,2.221
18:10:47.666,0.056,0.972,0.189,-2.244,-1.588,2.069
18:10:47.867,0.061,0.979,0.180,-2.160,-1.473,2.130
18:10:48.070,0.057,0.980,0.188,-2.206,-1.534,2.145
18:10:48.272,0.051,0.975,0.183,-2.336,-1.733,1.954
18:10:48.474,0.062,0.971,0.184,-2.366,-1.389,2.160
18:10:48.676,0.059,0.973,0.179,-2.420,-1.603,1.870
18:10:48.878,0.054,0.978,0.180,-2.145,-1.496,2.313
18:10:49.080,0.058,0.978,0.181,-2.267,-1.718,2.023
18:10:49.282,0.062,0.977,0.185,-2.130,-1.695,2.176
18:10:49.483,0.058,0.976,0.185,-2.267,-1.634,2.359
18:10:49.686,0.056,0.975,0.184,-2.153,-1.427,2.130
18:10:49.887,0.060,0.971,0.180,-2.328,-1.595,2.092
18:10:50.090,0.055,0.977,0.184,-2.466,-1.603,2.115
18:10:50.292,0.062,0.978,0.180,-2.427,-1.458,2.153
18:10:50.494,0.058,0.979,0.183,-2.206,-1.519,1.992
18:10:50.696,0.061,0.974,0.187,-2.351,-1.679,1.847
18:10:50.898,0.058,0.979,0.185,-2.061,-1.603,2.122
18:10:51.100,0.056,0.972,0.180,-2.458,-1.618,1.901
18:10:51.302,0.056,0.978,0.189,-2.374,-1.611,2.198
18:10:51.504,0.054,0.978,0.178,-2.198,-1.458,2.008
18:10:51.706,0.052,0.973,0.177,-2.198,-1.573,2.252
18:10:51.908,0.056,0.977,0.179,-2.008,-1.580,2.298
18:10:52.110,0.058,0.969,0.177,-2.305,-1.603,2.061
18:10:52.312,0.057,0.978,0.181,-2.267,-1.664,2.023
18:10:52.514,0.051,0.972,0.187,-2.366,-1.649,2.275
18:10:52.715,0.054,0.975,0.184,-2.336,-1.519,2.130
18:10:52.918,0.058,0.983,0.198,-2.389,-1.527,1.939
18:10:53.120,0.062,0.982,0.181,-2.611,-1.641,2.198
18:10:53.322,0.063,0.972,0.183,-2.359,-1.679,2.137
18:10:53.524,0.063,0.974,0.184,-2.344,-1.573,2.282
18:10:53.720,0.059,0.983,0.192,-2.298,-1.534,2.275
18:10:53.927,0.061,0.977,0.184,-2.321,-1.588,2.267
18:10:54.130,0.055,0.979,0.184,-2.298,-1.733,2.076
18:10:54.332,0.056,0.974,0.186,-2.313,-1.733,2.344
18:10:54.530,0.054,0.973,0.179,-2.382,-1.863,2.237
18:10:54.732,0.056,0.975,0.184,-2.145,-1.557,2.191
18:10:54.938,0.057,0.976,0.188,-2.527,-1.557,1.939
18:10:55.140,0.056,0.977,0.194,-2.611,-1.779,2.252
18:10:55.342,0.056,0.976,0.197,-2.573,-1.336,1.901
18:10:55.542,0.064,0.983,0.179,-2.565,-1.443,1.618
18:10:55.746,0.068,0.977,0.193,-2.328,-1.344,1.855
18:10:55.948,0.060,0.974,0.190,-2.405,-1.321,1.802
18:10:56.150,0.055,0.976,0.189,-2.130,-1.588,2.260
18:10:56.351,0.052,0.979,0.179,-2.412,-1.580,1.870
18:10:56.553,0.051,0.972,0.182,-2.733,-1.397,1.863
18:10:56.756,0.056,0.972,0.189,-2.237,-1.489,2.061
18:10:56.958,0.055,0.980,0.183,-2.534,-1.573,1.855
18:10:57.160,0.053,0.970,0.189,-1.992,-1.420,2.206
18:10:57.362,0.059,0.979,0.190,-2.229,-1.656,2.145
18:10:57.564,0.058,0.977,0.186,-2.344,-1.664,1.794
18:10:57.766,0.060,0.975,0.192,-2.260,-1.519,2.282
18:10:57.968,0.057,0.985,0.186,-2.489,-1.672,2.176
18:10:58.170,0.055,0.972,0.184,-2.137,-1.756,2.198
18:10:58.371,0.054,0.974,0.185,-2.328,-1.748,2.008
18:10:58.571,0.057,0.972,0.184,-2.435,-1.580,2.130
18:10:58.770,0.063,0.974,0.187,-2.557,-1.679,1.977
18:10:58.970,0.055,0.987,0.187,-2.489,-1.527,1.870
18:10:59.180,0.061,0.980,0.191,-2.359,-1.481,2.023
18:10:59.380,0.063,0.975,0.192,-2.412,-1.328,1.847
18:10:59.580,0.059,0.976,0.188,-2.183,-1.534,2.107
18:10:59.781,0.054,0.976,0.184,-2.359,-1.908,2.382
18:10:59.981,0.059,0.972,0.183,-2.183,-1.588,1.916
18:11:00.190,0.056,0.979,0.181,-2.183,-1.374,2.008
18:11:00.391,0.066,0.983,0.187,-2.519,-1.542,2.221
18:11:00.591,0.062,0.978,0.181,-2.244,-1.603,2.061
18:11:00.796,0.067,0.979,0.181,-2.282,-1.656,2.244
18:11:00.996,0.055,0.969,0.183,-2.382,-1.443,1.908
18:11:01.200,0.058,0.980,0.176,-2.290,-1.634,2.168
18:11:01.401,0.061,0.973,0.187,-2.168,-1.473,1.924
18:11:01.604,0.059,0.978,0.180,-2.084,-1.725,2.038
18:11:01.806,0.052,0.976,0.180,-2.130,-1.718,2.145
18:11:02.001,0.060,0.971,0.182,-2.260,-1.435,2.214
18:11:02.210,0.052,0.972,0.183,-2.260,-1.321,2.221
18:11:02.412,0.055,0.976,0.185,-2.374,-1.496,1.939
18:11:02.614,0.053,0.978,0.176,-2.466,-1.374,2.031
18:11:02.815,0.055,0.975,0.181,-2.267,-1.542,2.214
18:11:03.013,0.052,0.977,0.185,-2.374,-1.397,2.450
18:11:03.220,0.060,0.977,0.186,-2.565,-1.458,2.183
18:11:03.422,0.057,0.978,0.183,-2.351,-1.870,2.153
18:11:03.624,0.058,0.975,0.189,-2.046,-1.527,2.145
18:11:03.826,0.065,0.977,0.188,-2.305,-1.580,2.038
18:11:04.020,0.061,0.979,0.187,-2.344,-1.725,2.206
18:11:04.230,0.059,0.975,0.185,-2.519,-1.534,1.840
18:11:04.431,0.048,0.979,0.179,-2.191,-1.588,2.336
18:11:04.630,0.057,0.980,0.180,-2.389,-1.412,2.130
18:11:04.831,0.058,0.982,0.187,-2.405,-1.740,1.992
18:11:05.034,0.056,0.982,0.181,-2.359,-1.489,2.160
18:11:05.240,0.053,0.975,0.175,-2.069,-1.588,2.107
18:11:05.442,0.053,0.980,0.175,-2.145,-1.595,2.328
18:11:05.644,0.057,0.977,0.188,-2.389,-1.641,2.275
18:11:05.846,0.056,0.974,0.185,-2.176,-1.420,2.046
18:11:06.047,0.059,0.983,0.186,-2.221,-1.321,1.916
18:11:06.250,0.061,0.976,0.185,-2.458,-1.504,2.115
18:11:06.452,0.057,0.977,0.186,-2.344,-1.725,2.214
18:11:06.654,0.058,0.974,0.178,-2.344,-1.420,2.031
18:11:06.850,0.054,0.981,0.178,-2.481,-1.542,2.115
18:11:07.051,0.057,0.981,0.183,-2.282,-1.832,2.061
18:11:07.260,0.057,0.979,0.180,-2.328,-1.565,1.992
18:11:07.462,0.058,0.974,0.186,-2.153,-1.427,2.000
18:11:07.663,0.061,0.970,0.177,-2.298,-1.733,1.985
18:11:07.863,0.051,0.976,0.178,-2.206,-1.740,1.916
18:11:08.063,0.055,0.980,0.183,-2.344,-1.634,2.160
18:11:08.270,0.059,0.974,0.180,-2.183,-1.626,2.351
18:11:08.471,0.059,0.980,0.183,-2.237,-1.626,2.382
18:11:08.671,0.055,0.979,0.175,-2.290,-1.618,2.382
18:11:08.870,0.047,0.973,0.183,-2.229,-1.771,2.405
18:11:09.078,0.062,0.975,0.177,-2.145,-1.710,2.489
18:11:09.280,0.059,0.978,0.184,-2.160,-1.626,2.221
18:11:09.482,0.058,0.974,0.182,-2.084,-1.504,1.939
18:11:09.680,0.058,0.979,0.197,-1.901,-1.794,2.214
18:11:09.881,0.059,0.981,0.190,-2.420,-1.580,1.977
18:11:10.088,0.061,0.974,0.184,-2.466,-1.588,1.954
18:11:10.290,0.059,0.976,0.186,-2.321,-1.405,2.099
18:11:10.492,0.061,0.982,0.179,-2.313,-1.466,2.214
18:11:10.691,0.053,0.972,0.185,-2.405,-1.626,2.130
18:11:10.896,0.058,0.973,0.189,-1.908,-1.626,2.229
18:11:11.098,0.061,0.975,0.184,-2.260,-1.435,1.855
18:11:11.300,0.057,0.981,0.187,-2.145,-1.573,2.168
18:11:11.502,0.059,0.980,0.185,-2.466,-1.260,1.588
18:11:11.704,0.058,0.980,0.189,-2.214,-1.733,2.237
18:11:11.900,0.059,0.975,0.188,-2.130,-1.481,1.977
18:11:12.108,0.059,0.978,0.191,-2.672,-1.718,2.061
18:11:12.310,0.058,0.978,0.187,-2.397,-1.504,1.870
18:11:12.512,0.059,0.974,0.175,-2.519,-1.855,2.099
18:11:12.713,0.062,0.978,0.183,-2.191,-1.458,2.282
18:11:12.916,0.059,0.980,0.180,-2.244,-1.656,2.489
18:11:13.113,0.053,0.977,0.177,-2.000,-1.626,2.137
18:11:13.320,0.057,0.980,0.181,-2.137,-1.870,2.130
18:11:13.522,0.056,0.980,0.183,-2.458,-1.565,1.954
18:11:13.724,0.061,0.985,0.188,-2.458,-1.427,2.053
18:11:13.920,0.057,0.974,0.182,-2.267,-1.443,2.198
18:11:14.122,0.054,0.975,0.184,-2.328,-1.374,2.122
18:11:14.330,0.055,0.975,0.190,-2.366,-1.710,2.618
18:11:14.532,0.053,0.978,0.186,-2.252,-1.481,1.977
18:11:14.734,0.059,0.975,0.181,-2.053,-1.450,1.977
18:11:14.936,0.055,0.979,0.187,-2.275,-1.725,2.038
18:11:15.137,0.056,0.973,0.188,-2.344,-1.718,1.992
18:11:15.340,0.053,0.975,0.178,-2.206,-1.550,2.122
18:11:15.542,0.056,0.974,0.187,-2.328,-1.473,1.969
18:11:15.742,0.060,0.970,0.183,-2.443,-1.763,2.221
18:11:15.946,0.053,0.976,0.184,-2.282,-1.878,2.290
18:11:16.148,0.055,0.973,0.182,-2.153,-1.626,2.023
18:11:16.350,0.055,0.981,0.183,-2.275,-1.489,2.298
18:11:16.552,0.057,0.980,0.192,-2.267,-1.641,2.298
18:11:16.754,0.058,0.975,0.188,-2.366,-1.466,2.107
18:11:16.951,0.057,0.979,0.190,-2.344,-1.359,1.977
18:11:17.152,0.055,0.980,0.184,-2.542,-1.359,2.168
18:11:17.360,0.058,0.971,0.184,-2.481,-1.687,2.176
18:11:17.562,0.059,0.980,0.187,-2.443,-1.618,1.931
18:11:17.763,0.059,0.986,0.189,-2.489,-1.733,2.183
18:11:17.964,0.059,0.981,0.182,-2.275,-1.771,2.298
18:11:18.164,0.059,0.975,0.183,-1.969,-1.511,2.366
18:11:18.370,0.059,0.977,0.190,-2.176,-1.527,2.237
18:11:18.571,0.056,0.975,0.184,-2.336,-1.603,2.053
18:11:18.772,0.058,0.980,0.184,-2.679,-1.580,1.832
18:11:18.970,0.056,0.982,0.190,-2.321,-1.389,2.336
18:11:19.171,0.054,0.976,0.180,-2.321,-1.664,2.198
18:11:19.380,0.058,0.978,0.190,-2.313,-1.748,2.191
18:11:19.582,0.058,0.980,0.180,-2.061,-1.618,2.282
18:11:19.784,0.057,0.978,0.181,-2.198,-1.702,2.237
18:11:19.986,0.056,0.980,0.187,-2.046,-1.496,2.336
18:11:20.186,0.056,0.978,0.187,-2.183,-1.527,2.321
18:11:20.390,0.060,0.975,0.180,-2.382,-1.809,1.908
18:11:20.592,0.058,0.982,0.181,-2.328,-1.397,1.702
18:11:20.795,0.054,0.975,0.184,-2.626,-1.466,1.794
18:11:20.991,0.054,0.977,0.193,-2.603,-1.458,1.969
18:11:21.197,0.054,0.970,0.183,-2.382,-1.550,2.137
18:11:21.400,0.057,0.978,0.178,-2.298,-1.695,2.137
18:11:21.601,0.054,0.974,0.191,-2.389,-1.588,2.160
18:11:21.804,0.056,0.970,0.186,-2.313,-1.634,2.237
18:11:22.003,0.058,0.976,0.180,-2.275,-1.634,2.038
18:11:22.201,0.048,0.981,0.188,-2.145,-1.702,2.260
18:11:22.410,0.059,0.978,0.186,-2.137,-1.695,2.015
18:11:22.612,0.054,0.973,0.178,-2.351,-1.588,2.038
18:11:22.814,0.055,0.973,0.196,-2.260,-1.534,1.885
18:11:23.014,0.053,0.973,0.187,-2.458,-1.649,2.084
18:11:23.218,0.054,0.983,0.183,-2.427,-1.855,2.397
18:11:23.421,0.057,0.984,0.184,-2.282,-1.824,2.153
18:11:23.621,0.052,0.980,0.179,-2.427,-1.511,2.023
18:11:23.822,0.062,0.985,0.182,-2.496,-1.832,2.382
18:11:24.020,0.053,0.977,0.184,-2.145,-1.687,1.893
18:11:24.222,0.061,0.979,0.178,-2.038,-1.740,2.076
18:11:24.430,0.054,0.968,0.184,-2.176,-1.435,1.924
18:11:24.632,0.059,0.980,0.188,-2.061,-1.557,2.260
18:11:24.834,0.062,0.979,0.188,-2.420,-1.427,2.328
18:11:25.036,0.059,0.980,0.182,-2.107,-1.511,2.267
18:11:25.237,0.055,0.977,0.179,-2.031,-1.634,2.420
18:11:25.440,0.067,0.974,0.187,-2.122,-1.618,2.237
18:11:25.642,0.053,0.975,0.187,-2.191,-1.420,1.847
18:11:25.842,0.059,0.978,0.185,-2.359,-1.511,2.328
18:11:26.047,0.057,0.980,0.188,-2.458,-1.679,1.885
18:11:26.249,0.054,0.978,0.185,-2.244,-1.611,2.542
18:11:26.450,0.058,0.980,0.180,-2.061,-1.557,2.252
18:11:26.653,0.056,0.979,0.188,-2.328,-1.794,2.160
18:11:26.854,0.058,0.980,0.190,-2.237,-1.557,2.008
18:11:27.054,0.056,0.982,0.184,-2.435,-1.557,2.275
18:11:27.254,0.061,0.978,0.180,-2.397,-1.450,1.893
18:11:27.460,0.062,0.973,0.189,-2.305,-1.733,2.252
18:11:27.661,0.058,0.972,0.197,-2.183,-1.626,2.198
18:11:27.864,0.051,0.980,0.171,-1.916,-1.649,2.038
18:11:28.066,0.058,0.979,0.183,-2.244,-1.214,1.908
18:11:28.268,0.058,0.975,0.186,-2.099,-1.649,2.122
18:11:28.470,0.059,0.976,0.181,-2.214,-1.389,2.160
18:11:28.672,0.055,0.978,0.178,-2.344,-1.374,1.992
18:11:28.872,0.057,0.973,0.185,-2.168,-1.542,2.053
18:11:29.071,0.062,0.979,0.174,-2.244,-1.550,2.099
18:11:29.272,0.054,0.974,0.179,-2.145,-1.397,2.305
18:11:29.480,0.055,0.978,0.184,-2.435,-1.489,1.733
18:11:29.682,0.049,0.980,0.194,-2.244,-1.542,1.771
18:11:29.884,0.061,0.980,0.186,-2.267,-1.718,2.092
18:11:30.086,0.064,0.974,0.182,-2.427,-1.832,1.840
18:11:30.288,0.055,0.976,0.194,-2.344,-1.802,2.069
18:11:30.490,0.058,0.983,0.175,-2.336,-1.611,2.198
18:11:30.691,0.056,0.975,0.187,-2.389,-1.626,2.015
18:11:30.894,0.056,0.979,0.182,-2.542,-1.527,1.962
18:11:31.091,0.059,0.977,0.176,-1.969,-1.756,2.389
18:11:31.298,0.056,0.973,0.188,-2.427,-1.580,1.763
18:11:31.500,0.060,0.972,0.181,-2.145,-1.458,1.947
18:11:31.701,0.047,0.979,0.184,-2.046,-1.740,2.397
18:11:31.900,0.053,0.979,0.188,-2.252,-1.588,1.947
18:11:32.102,0.059,0.980,0.176,-2.153,-1.565,2.122
18:11:32.302,0.066,0.976,0.184,-1.992,-1.687,2.031
18:11:32.510,0.059,0.972,0.177,-2.290,-1.389,1.878
18:11:32.712,0.056,0.979,0.184,-2.450,-1.634,2.321
18:11:32.912,0.056,0.980,0.184,-2.412,-1.809,2.344
18:11:33.111,0.056,0.979,0.187,-2.046,-1.664,1.863
18:11:33.310,0.056,0.980,0.176,-2.229,-1.565,2.183
18:11:33.520,0.058,0.974,0.177,-2.122,-1.710,2.191
18:11:33.722,0.058,0.979,0.182,-2.389,-1.885,1.740
18:11:33.922,0.059,0.972,0.187,-2.366,-1.397,1.977
18:11:34.120,0.059,0.977,0.187,-2.260,-1.626,2.115
18:11:34.321,0.052,0.981,0.185,-2.443,-1.450,1.771
18:11:34.530,0.051,0.977,0.186,-2.481,-1.542,1.649
18:11:34.733,0.050,0.974,0.176,-1.916,-1.664,2.389
18:11:34.932,0.062,0.974,0.188,-2.504,-1.573,1.824
18:11:35.136,0.058,0.978,0.174,-2.191,-1.366,2.107
18:11:35.339,0.057,0.979,0.186,-2.206,-1.534,2.221
18:11:35.540,0.061,0.973,0.183,-2.336,-1.534,1.718
18:11:35.743,0.058,0.975,0.189,-2.328,-1.748,1.962
18:11:35.945,0.059,0.977,0.186,-2.107,-1.611,2.313
18:11:36.147,0.054,0.978,0.187,-2.221,-1.626,2.061
18:11:36.347,0.054,0.982,0.182,-2.260,-1.595,2.496
18:11:36.550,0.056,0.970,0.190,-2.168,-1.885,2.267
18:11:36.752,0.056,0.976,0.187,-2.282,-1.458,1.771
18:11:36.955,0.057,0.980,0.188,-2.420,-1.481,2.145
18:11:37.154,0.060,0.977,0.182,-2.435,-1.344,1.832
18:11:37.354,0.053,0.979,0.186,-2.405,-1.496,1.939
18:11:37.560,0.062,0.984,0.194,-2.221,-1.511,1.824
18:11:37.761,0.056,0.978,0.187,-2.191,-1.534,2.038
18:11:37.964,0.057,0.978,0.184,-2.359,-1.244,1.954
18:11:38.165,0.059,0.978,0.180,-2.160,-1.504,2.008
18:11:38.360,0.057,0.981,0.185,-2.336,-1.824,2.351
18:11:38.571,0.054,0.978,0.186,-2.290,-1.847,2.122
18:11:38.772,0.055,0.973,0.167,-2.053,-1.580,1.969
18:11:38.970,0.056,0.978,0.176,-2.069,-1.710,2.275
18:11:39.174,0.055,0.969,0.185,-2.168,-1.473,1.969
18:11:39.371,0.060,0.979,0.176,-2.328,-1.466,2.038
18:11:39.580,0.054,0.977,0.182,-2.168,-1.412,2.000
18:11:39.782,0.058,0.979,0.183,-2.527,-1.595,2.206
18:11:39.984,0.059,0.968,0.188,-2.412,-1.809,2.069
18:11:40.187,0.063,0.976,0.181,-2.313,-1.542,1.824
18:11:40.389,0.062,0.975,0.180,-2.237,-1.382,2.023
18:11:40.590,0.059,0.976,0.193,-2.374,-1.603,2.092
18:11:40.792,0.058,0.976,0.190,-2.183,-1.809,2.359
18:11:40.995,0.055,0.973,0.180,-2.160,-1.626,1.962
18:11:41.190,0.062,0.975,0.182,-2.267,-1.366,1.916
18:11:41.399,0.057,0.974,0.182,-2.427,-1.588,2.237
18:11:41.601,0.054,0.981,0.184,-2.168,-1.878,2.130
18:11:41.802,0.055,0.978,0.187,-2.214,-1.405,1.863
18:11:42.005,0.058,0.979,0.184,-2.076,-1.649,2.290
18:11:42.207,0.058,0.976,0.184,-2.260,-1.473,2.008
18:11:42.409,0.056,0.985,0.184,-2.229,-1.611,2.122
18:11:42.611,0.058,0.974,0.181,-1.977,-1.664,2.313
18:11:42.812,0.064,0.973,0.179,-2.351,-1.504,2.107
18:11:43.014,0.063,0.982,0.190,-2.145,-1.573,2.183
18:11:43.217,0.054,0.981,0.191,-2.061,-1.420,1.969
18:11:43.417,0.059,0.973,0.193,-2.496,-1.656,2.183
18:11:43.620,0.057,0.978,0.182,-2.153,-1.771,2.336
18:11:43.821,0.062,0.978,0.179,-2.420,-1.443,1.962
18:11:44.020,0.056,0.974,0.179,-2.267,-1.687,2.069
18:11:44.227,0.055,0.973,0.190,-2.038,-1.603,2.191
18:11:44.429,0.055,0.978,0.194,-2.237,-1.458,1.985
18:11:44.631,0.054,0.980,0.194,-2.069,-1.550,2.084
18:11:44.832,0.059,0.982,0.182,-2.382,-1.527,2.023
18:11:45.033,0.055,0.978,0.171,-2.359,-1.718,2.038
18:11:45.233,0.056,0.978,0.195,-2.015,-1.733,2.221
18:11:45.439,0.055,0.976,0.182,-2.237,-1.412,2.191
18:11:45.641,0.064,0.979,0.177,-2.221,-1.443,2.244
18:11:45.842,0.061,0.977,0.179,-2.115,-1.611,2.198
18:11:46.041,0.058,0.976,0.181,-2.122,-1.786,2.252
18:11:46.240,0.062,0.971,0.184,-1.901,-1.695,2.359
18:11:46.449,0.056,0.977,0.184,-2.397,-1.626,1.947
18:11:46.650,0.063,0.972,0.185,-2.183,-1.603,2.107
18:11:46.850,0.055,0.978,0.185,-2.237,-1.344,1.863
18:11:47.055,0.051,0.980,0.195,-2.275,-1.588,2.550
18:11:47.257,0.059,0.980,0.187,-2.473,-1.496,2.008
18:11:47.451,0.052,0.978,0.183,-2.145,-1.786,2.076
18:11:47.661,0.055,0.981,0.185,-2.344,-1.718,2.130
18:11:47.863,0.057,0.976,0.185,-2.450,-1.489,1.763
18:11:48.064,0.061,0.977,0.177,-2.244,-1.656,2.382
18:11:48.262,0.054,0.973,0.181,-2.305,-1.496,1.878
18:11:48.469,0.055,0.975,0.174,-2.275,-1.504,1.710
18:11:48.671,0.054,0.976,0.183,-2.076,-1.519,2.382
18:11:48.872,0.062,0.979,0.175,-2.275,-1.679,2.099
18:11:49.073,0.055,0.972,0.182,-2.389,-1.573,1.817
18:11:49.270,0.060,0.979,0.195,-2.183,-1.679,2.412
18:11:49.479,0.055,0.981,0.179,-2.412,-1.496,1.847
18:11:49.681,0.063,0.975,0.179,-2.176,-1.595,2.000
18:11:49.882,0.055,0.972,0.186,-1.931,-1.557,2.634
18:11:50.082,0.059,0.973,0.181,-2.130,-1.466,1.924
18:11:50.282,0.060,0.978,0.184,-2.305,-1.466,1.824
18:11:50.489,0.054,0.976,0.190,-2.275,-1.557,2.092
18:11:50.690,0.058,0.986,0.183,-2.473,-1.412,2.092
18:11:50.893,0.057,0.977,0.188,-2.359,-1.626,2.038
18:11:51.095,0.061,0.976,0.183,-2.229,-1.649,2.160
18:11:51.291,0.055,0.977,0.188,-2.427,-1.313,1.893
18:11:51.499,0.054,0.983,0.190,-2.260,-1.443,1.969
18:11:51.700,0.057,0.976,0.184,-2.069,-1.611,2.061
18:11:51.900,0.067,0.980,0.183,-2.359,-1.664,2.031
18:11:52.100,0.051,0.972,0.179,-2.290,-1.565,1.649
18:11:52.301,0.059,0.978,0.184,-2.382,-1.527,2.046
18:11:52.501,0.061,0.978,0.189,-2.046,-1.687,2.168
18:11:52.711,0.059,0.982,0.187,-2.489,-1.634,2.099
18:11:52.913,0.054,0.985,0.181,-2.275,-1.382,1.969
18:11:53.115,0.054,0.974,0.186,-2.336,-1.374,1.885
18:11:53.317,0.056,0.967,0.179,-2.069,-1.450,2.145
18:11:53.519,0.059,0.973,0.176,-2.366,-1.496,2.092
18:11:53.720,0.058,0.974,0.187,-2.214,-1.626,2.160
18:11:53.923,0.055,0.982,0.187,-2.130,-1.534,2.237
18:11:54.120,0.060,0.979,0.191,-2.252,-1.702,2.458
18:11:54.327,0.060,0.979,0.171,-2.183,-1.450,2.031
18:11:54.529,0.057,0.974,0.183,-2.260,-1.695,2.153
18:11:54.730,0.054,0.978,0.180,-2.237,-1.840,2.374
18:11:54.933,0.053,0.973,0.177,-2.290,-1.481,2.053
18:11:55.134,0.055,0.979,0.178,-2.130,-1.588,2.206
18:11:55.337,0.063,0.983,0.189,-2.221,-1.649,2.061
18:11:55.539,0.052,0.977,0.183,-2.252,-1.580,1.931
18:11:55.740,0.055,0.975,0.192,-2.466,-1.557,2.115
18:11:55.941,0.057,0.980,0.191,-2.756,-1.191,1.954
18:11:56.141,0.059,0.975,0.180,-2.405,-1.763,2.046
18:11:56.347,0.062,0.977,0.190,-2.542,-1.298,2.053
18:11:56.549,0.057,0.975,0.190,-2.282,-1.519,1.740
18:11:56.751,0.061,0.981,0.180,-2.550,-1.672,2.084
18:11:56.953,0.059,0.975,0.175,-2.435,-1.588,1.794
18:11:57.153,0.059,0.979,0.184,-2.153,-1.733,1.847
18:11:57.355,0.056,0.977,0.186,-2.252,-1.595,1.832
18:11:57.555,0.059,0.990,0.186,-2.412,-1.420,2.008
18:11:57.761,0.058,0.979,0.191,-2.397,-1.466,1.992
18:11:57.961,0.057,0.979,0.188,-2.366,-1.511,2.206
18:11:58.165,0.061,0.981,0.178,-2.374,-1.687,1.962
18:11:58.367,0.052,0.980,0.192,-2.298,-1.664,1.947
18:11:58.569,0.057,0.976,0.181,-2.282,-1.420,2.275
18:11:58.771,0.057,0.978,0.188,-1.954,-1.542,2.168
18:11:58.971,0.055,0.986,0.183,-2.511,-1.656,1.985
18:11:59.175,0.055,0.976,0.185,-2.069,-1.534,1.832
18:11:59.377,0.062,0.972,0.185,-2.473,-1.626,2.008
18:11:59.579,0.055,0.979,0.188,-2.489,-1.664,1.817
18:11:59.780,0.061,0.977,0.192,-2.290,-1.595,2.389
18:11:59.983,0.060,0.972,0.185,-2.115,-1.702,2.008
18:12:00.185,0.051,0.974,0.182,-2.160,-1.527,2.214
18:12:00.387,0.053,0.977,0.184,-2.489,-1.702,2.130
18:12:00.589,0.053,0.973,0.177,-1.863,-1.565,1.954
18:12:00.791,0.054,0.982,0.187,-2.466,-1.496,2.115
18:12:00.991,0.056,0.974,0.185,-1.901,-1.725,2.298
18:12:01.191,0.062,0.978,0.193,-2.618,-1.634,2.015
18:12:01.396,0.062,0.974,0.199,-2.244,-1.542,2.214
18:12:01.599,0.052,0.975,0.187,-2.260,-1.855,2.023
18:12:01.801,0.059,0.978,0.187,-2.122,-1.420,2.168
18:12:02.003,0.058,0.978,0.186,-2.397,-1.718,1.763
18:12:02.205,0.061,0.980,0.189,-2.313,-1.656,2.214
18:12:02.407,0.058,0.979,0.177,-2.405,-1.573,2.313
18:12:02.609,0.059,0.971,0.195,-2.229,-1.672,2.053
18:12:02.810,0.060,0.980,0.176,-2.084,-1.489,2.183
18:12:03.011,0.056,0.975,0.183,-2.137,-1.710,2.359
18:12:03.211,0.059,0.974,0.188,-2.229,-1.481,1.985
18:12:03.417,0.059,0.979,0.183,-2.328,-1.634,2.160
18:12:03.619,0.053,0.978,0.178,-2.351,-1.504,1.931
18:12:03.820,0.055,0.976,0.181,-2.542,-1.557,1.832
18:12:04.023,0.057,0.988,0.182,-2.489,-1.458,1.840
18:12:04.225,0.054,0.981,0.181,-2.305,-1.481,2.275
18:12:04.427,0.057,0.973,0.183,-1.870,-1.878,2.092
18:12:04.629,0.057,0.979,0.193,-2.405,-1.435,1.756
18:12:04.830,0.052,0.976,0.190,-2.267,-1.779,2.069
18:12:05.032,0.060,0.979,0.182,-2.450,-1.634,2.168
18:12:05.231,0.054,0.971,0.177,-2.374,-1.550,2.130
18:12:05.431,0.058,0.976,0.181,-2.046,-1.725,2.458
18:12:05.639,0.058,0.982,0.178,-2.206,-1.763,2.450
18:12:05.841,0.053,0.973,0.185,-1.794,-1.870,2.824
18:12:06.043,0.053,0.981,0.189,-2.168,-1.534,1.916
18:12:06.242,0.060,0.980,0.187,-2.267,-1.611,2.000
18:12:06.440,0.060,0.973,0.177,-2.168,-1.496,2.107
18:12:06.649,0.061,0.975,0.177,-2.656,-1.649,1.771
18:12:06.850,0.055,0.973,0.187,-1.802,-2.023,2.588
18:12:07.050,0.053,0.982,0.188,-2.092,-1.481,2.389
18:12:07.251,0.054,0.982,0.188,-2.817,-1.290,1.504
18:12:07.451,0.060,0.976,0.186,-2.870,-1.282,1.076
18:12:07.659,0.057,0.973,0.177,-2.496,-1.534,1.832
18:12:07.860,0.062,0.974,0.187,-1.924,-1.786,3.198
18:12:08.062,0.054,0.967,0.184,-2.824,-1.565,1.847
18:12:08.265,0.054,0.983,0.181,-2.038,-1.718,2.542
18:12:08.467,0.058,0.974,0.185,-2.702,-1.573,1.779
18:12:08.669,0.054,0.979,0.178,-1.924,-1.901,2.443
18:12:08.870,0.062,0.976,0.187,-2.542,-1.733,1.992
18:12:09.071,0.062,0.977,0.178,-2.351,-1.664,1.748
18:12:09.270,0.062,0.975,0.184,-2.160,-1.580,2.565
18:12:09.474,0.052,0.982,0.189,-2.420,-1.519,1.763
18:12:09.679,0.064,0.975,0.188,-2.435,-1.527,2.099
18:12:09.881,0.057,0.977,0.187,-2.153,-1.687,2.176
18:12:10.082,0.061,0.975,0.185,-2.397,-1.534,1.885
18:12:10.281,0.051,0.978,0.185,-1.802,-1.664,3.061
18:12:10.481,0.057,0.973,0.185,-2.023,-1.733,2.107
18:12:10.689,0.057,0.971,0.187,-2.267,-1.565,2.053
18:12:10.890,0.050,0.974,0.193,-2.412,-1.496,2.191
18:12:11.091,0.057,0.980,0.191,-2.351,-1.557,1.817
18:12:11.291,0.061,0.969,0.181,-1.985,-1.519,2.366
18:12:11.490,0.060,0.975,0.187,-2.038,-1.626,2.313
18:12:11.699,0.053,0.974,0.186,-2.618,-1.626,1.870
18:12:11.900,0.053,0.974,0.184,-2.046,-1.565,2.221
18:12:12.100,0.067,0.979,0.178,-2.351,-1.412,1.618
18:12:12.301,0.062,0.977,0.192,-2.076,-1.664,2.420
18:12:12.501,0.058,0.979,0.192,-2.573,-1.511,1.687
18:12:12.709,0.056,0.975,0.177,-2.115,-1.885,2.435
18:12:12.911,0.054,0.975,0.192,-2.115,-1.802,2.084
18:12:13.112,0.055,0.982,0.200,-2.763,-1.366,1.412
18:12:13.315,0.064,0.977,0.190,-2.534,-1.527,1.481
18:12:13.517,0.060,0.974,0.181,-2.443,-1.466,2.168
18:12:13.719,0.056,0.971,0.186,-1.840,-1.740,2.878
18:12:13.921,0.055,0.979,0.181,-2.252,-1.679,2.275
18:12:14.121,0.065,0.971,0.183,-2.802,-1.412,1.496
18:12:14.320,0.057,0.978,0.179,-2.557,-1.603,2.053
18:12:14.522,0.058,0.978,0.191,-2.046,-1.763,2.191
18:12:14.729,0.062,0.978,0.184,-2.397,-1.267,1.603
18:12:14.930,0.056,0.969,0.188,-1.672,-1.908,2.947
18:12:15.133,0.060,0.985,0.183,-2.550,-1.504,1.634
18:12:15.331,0.056,0.976,0.179,-2.397,-1.588,2.023
18:12:15.537,0.054,0.980,0.188,-2.359,-1.466,1.847
18:12:15.739,0.056,0.981,0.184,-2.298,-1.496,1.947
18:12:15.941,0.059,0.975,0.184,-2.382,-1.450,2.038
18:12:16.143,0.052,0.974,0.184,-2.321,-1.496,2.252
18:12:16.343,0.055,0.979,0.183,-2.420,-1.511,1.733
18:12:16.543,0.055,0.982,0.186,-2.405,-1.634,2.206
18:12:16.749,0.055,0.975,0.181,-2.221,-1.542,2.214
18:12:16.951,0.052,0.982,0.186,-2.214,-1.672,1.908
18:12:17.150,0.057,0.977,0.180,-2.252,-1.427,1.901
18:12:17.352,0.056,0.979,0.190,-2.237,-1.389,2.420
18:12:17.551,0.053,0.979,0.185,-1.901,-1.634,2.588
18:12:17.759,0.054,0.978,0.182,-2.489,-1.481,2.015
18:12:17.961,0.063,0.980,0.179,-2.206,-1.664,2.397
18:12:18.163,0.055,0.972,0.180,-2.229,-1.626,1.962
18:12:18.361,0.054,0.978,0.187,-2.351,-1.412,1.771
18:12:18.567,0.060,0.979,0.185,-2.504,-1.443,1.817
18:12:18.769,0.057,0.962,0.189,-1.626,-1.580,3.099
18:12:18.971,0.047,0.972,0.179,-2.038,-1.412,2.191
18:12:19.173,0.055,0.977,0.187,-2.076,-1.504,2.229
18:12:19.370,0.055,0.979,0.191,-1.931,-1.573,2.305
18:12:19.577,0.056,0.971,0.187,-2.267,-1.695,2.244
18:12:19.779,0.053,0.979,0.183,-2.267,-1.626,2.153
18:12:19.980,0.058,0.981,0.187,-2.565,-1.489,1.962
18:12:20.181,0.055,0.983,0.183,-2.466,-1.511,1.634
18:12:20.385,0.062,0.981,0.177,-2.458,-1.527,1.649
18:12:20.581,0.062,0.971,0.185,-2.588,-1.534,1.947
18:12:20.789,0.059,0.972,0.190,-2.137,-1.763,2.275
18:12:20.992,0.059,0.975,0.190,-2.130,-1.527,1.924
18:12:21.191,0.057,0.977,0.184,-2.427,-1.435,1.969
18:12:21.395,0.057,0.974,0.180,-2.321,-1.618,1.962
18:12:21.590,0.059,0.979,0.187,-2.221,-1.466,2.214
18:12:21.799,0.056,0.975,0.180,-2.267,-1.565,1.847
18:12:22.001,0.055,0.979,0.186,-2.702,-1.405,1.824
18:12:22.200,0.059,0.976,0.186,-2.229,-1.634,2.244
18:12:22.405,0.058,0.978,0.183,-2.244,-1.557,1.885
18:12:22.606,0.057,0.978,0.172,-2.191,-1.672,1.916
18:12:22.809,0.053,0.976,0.191,-2.298,-1.695,2.473
18:12:23.011,0.056,0.979,0.190,-2.313,-1.481,1.962
18:12:23.213,0.054,0.971,0.184,-2.084,-1.771,2.519
18:12:23.415,0.057,0.978,0.187,-2.298,-1.595,1.809
18:12:23.617,0.060,0.976,0.187,-2.053,-1.565,2.206
18:12:23.819,0.058,0.978,0.188,-2.206,-1.580,1.870
18:12:24.021,0.053,0.980,0.192,-2.374,-1.702,1.992
18:12:24.224,0.050,0.975,0.174,-2.573,-1.450,1.466
18:12:24.426,0.059,0.982,0.177,-2.412,-1.649,2.069
18:12:24.621,0.060,0.982,0.176,-2.160,-1.458,2.160
18:12:24.829,0.054,0.977,0.187,-2.183,-1.595,2.427
18:12:25.031,0.050,0.972,0.181,-2.191,-1.672,2.206
18:12:25.233,0.055,0.980,0.194,-2.366,-1.511,1.893
18:12:25.435,0.058,0.980,0.191,-2.603,-1.405,1.687
18:12:25.637,0.058,0.982,0.182,-2.405,-1.634,2.115
18:12:25.839,0.064,0.979,0.176,-2.282,-1.496,2.084
18:12:26.042,0.057,0.975,0.180,-2.191,-1.481,2.252
18:12:26.243,0.057,0.977,0.187,-2.328,-1.344,1.824
18:12:26.440,0.056,0.979,0.188,-1.954,-1.863,2.366
18:12:26.648,0.054,0.977,0.189,-2.718,-1.580,1.687
18:12:26.849,0.057,0.973,0.184,-2.565,-1.145,1.664
18:12:27.051,0.058,0.980,0.186,-2.450,-1.473,1.924
18:12:27.251,0.061,0.974,0.184,-2.229,-1.573,1.802
18:12:27.456,0.059,0.977,0.182,-2.511,-1.481,2.290
18:12:27.657,0.058,0.973,0.186,-2.527,-1.405,1.634
18:12:27.859,0.059,0.976,0.180,-2.412,-1.527,2.160
18:12:28.062,0.052,0.979,0.187,-2.718,-1.443,1.947
18:12:28.263,0.056,0.971,0.179,-1.924,-1.603,2.496
18:12:28.465,0.057,0.973,0.191,-2.115,-1.725,2.466
18:12:28.660,0.054,0.982,0.184,-2.252,-1.718,2.198
18:12:28.869,0.063,0.974,0.184,-2.344,-1.473,1.802
18:12:29.071,0.057,0.975,0.187,-2.450,-1.252,1.794
18:12:29.270,0.058,0.981,0.179,-2.344,-1.443,1.885
18:12:29.470,0.055,0.978,0.181,-2.427,-1.710,1.893
18:12:29.671,0.056,0.981,0.179,-1.580,-1.733,2.412
18:12:29.879,0.057,0.974,0.181,-2.244,-1.695,2.427
18:12:30.081,0.061,0.978,0.184,-2.321,-1.374,1.908
18:12:30.282,0.059,0.978,0.190,-2.015,-1.519,2.313
18:12:30.481,0.055,0.973,0.184,-2.061,-1.504,2.321
18:12:30.681,0.057,0.978,0.181,-2.053,-1.824,2.458
18:12:30.889,0.054,0.973,0.188,-2.214,-1.466,1.908
18:12:31.091,0.055,0.971,0.172,-2.137,-1.695,1.893
18:12:31.291,0.051,0.978,0.190,-2.099,-1.748,2.458
18:12:31.490,0.059,0.977,0.191,-2.267,-1.534,1.641
18:12:31.690,0.055,0.979,0.185,-2.122,-1.550,2.206
18:12:31.899,0.057,0.983,0.185,-2.321,-1.481,2.053
18:12:32.100,0.058,0.978,0.185,-2.328,-1.618,2.092
18:12:32.300,0.055,0.980,0.183,-2.435,-1.260,1.985
18:12:32.502,0.057,0.975,0.178,-2.511,-1.443,1.794
18:12:32.701,0.058,0.972,0.176,-2.611,-1.481,1.779
18:12:32.910,0.058,0.979,0.192,-2.565,-1.382,1.908
18:12:33.111,0.053,0.976,0.185,-2.252,-1.611,2.107
18:12:33.311,0.062,0.976,0.181,-2.076,-1.817,2.008
18:12:33.515,0.057,0.978,0.189,-2.305,-1.397,2.183
18:12:33.718,0.057,0.978,0.180,-2.710,-1.389,1.740
18:12:33.919,0.059,0.978,0.185,-2.405,-1.496,1.931
18:12:34.122,0.059,0.970,0.197,-2.130,-1.550,2.191
18:12:34.320,0.061,0.975,0.177,-2.130,-1.611,2.008
18:12:34.525,0.056,0.978,0.174,-2.137,-1.473,2.534
18:12:34.721,0.055,0.976,0.182,-2.481,-1.450,1.809
18:12:34.929,0.059,0.978,0.186,-2.321,-1.672,2.038
18:12:35.130,0.061,0.980,0.182,-2.450,-1.733,1.771
18:12:35.331,0.055,0.979,0.181,-2.504,-1.664,2.061
18:12:35.535,0.054,0.980,0.182,-1.962,-1.595,2.435
18:12:35.738,0.057,0.978,0.186,-2.313,-1.565,2.359
18:12:35.939,0.051,0.976,0.180,-2.443,-1.664,2.084
18:12:36.141,0.055,0.979,0.174,-2.137,-1.351,1.939
18:12:36.341,0.062,0.986,0.195,-2.427,-1.656,2.038
18:12:36.540,0.055,0.978,0.185,-2.168,-1.504,1.863
18:12:36.747,0.054,0.975,0.177,-2.321,-1.702,2.137
18:12:36.949,0.055,0.977,0.183,-2.229,-1.809,2.137
18:12:37.152,0.058,0.983,0.182,-2.733,-1.618,1.710
18:12:37.354,0.052,0.985,0.183,-2.427,-1.611,1.962
18:12:37.556,0.051,0.978,0.185,-2.084,-1.481,1.840
18:12:37.757,0.069,0.975,0.178,-1.947,-1.779,2.450
18:12:37.960,0.057,0.971,0.179,-2.115,-1.679,2.069
18:12:38.162,0.052,0.975,0.185,-2.198,-1.611,2.160
18:12:38.361,0.061,0.976,0.171,-2.336,-1.481,1.489
18:12:38.562,0.054,0.980,0.178,-2.099,-1.672,2.168
18:12:38.767,0.060,0.974,0.174,-2.069,-1.634,2.588
18:12:38.969,0.060,0.975,0.177,-2.405,-1.519,1.794
18:12:39.171,0.050,0.969,0.189,-1.931,-1.565,2.481
18:12:39.372,0.053,0.973,0.178,-2.221,-1.756,2.275
18:12:39.576,0.057,0.979,0.184,-2.435,-1.405,1.511
18:12:39.778,0.056,0.975,0.188,-2.344,-1.534,2.168
18:12:39.980,0.055,0.975,0.177,-2.420,-1.374,1.802
18:12:40.180,0.052,0.980,0.185,-2.397,-1.511,2.252
18:12:40.382,0.057,0.977,0.196,-2.511,-1.473,1.779
18:12:40.581,0.062,0.976,0.180,-2.366,-1.473,2.221
18:12:40.787,0.052,0.980,0.190,-2.412,-1.580,2.008
18:12:40.989,0.058,0.975,0.189,-2.260,-1.504,2.061
18:12:41.192,0.068,0.983,0.183,-2.176,-1.718,2.313
18:12:41.393,0.062,0.982,0.177,-2.397,-1.466,2.282
18:12:41.590,0.061,0.974,0.187,-2.412,-1.504,2.008
18:12:41.798,0.059,0.976,0.187,-2.603,-1.405,1.733
18:12:42.000,0.057,0.981,0.184,-2.275,-1.550,2.046
18:12:42.201,0.054,0.983,0.187,-2.656,-1.473,2.374
18:12:42.404,0.058,0.979,0.180,-2.443,-1.634,2.237
18:12:42.606,0.059,0.973,0.185,-2.290,-1.496,2.374
18:12:42.808,0.056,0.979,0.184,-2.328,-1.672,1.878
18:12:43.010,0.055,0.974,0.174,-2.137,-1.573,2.160
18:12:43.211,0.058,0.980,0.186,-2.435,-1.595,1.756
18:12:43.414,0.059,0.977,0.185,-2.046,-1.641,2.160
18:12:43.616,0.051,0.979,0.180,-2.198,-1.588,1.794
18:12:43.818,0.056,0.978,0.188,-2.260,-1.466,2.344
18:12:44.019,0.056,0.981,0.180,-2.351,-1.489,2.099
18:12:44.221,0.054,0.974,0.182,-2.504,-1.634,1.870
18:12:44.424,0.060,0.980,0.185,-2.160,-1.641,2.015
18:12:44.626,0.058,0.979,0.180,-2.237,-1.435,2.183
18:12:44.827,0.056,0.969,0.192,-2.221,-1.336,2.092
18:12:45.029,0.056,0.977,0.180,-2.450,-1.557,2.084
18:12:45.231,0.054,0.975,0.188,-2.229,-1.855,2.115
18:12:45.432,0.059,0.977,0.193,-2.115,-1.580,2.542
18:12:45.635,0.055,0.979,0.183,-2.122,-1.718,1.885
18:12:45.838,0.057,0.983,0.176,-2.107,-1.695,2.374
18:12:46.040,0.060,0.982,0.180,-2.412,-1.420,2.115
18:12:46.241,0.059,0.977,0.178,-2.084,-1.412,2.214
18:12:46.442,0.057,0.978,0.183,-2.290,-1.534,2.061
18:12:46.644,0.061,0.974,0.183,-2.321,-1.466,2.137
18:12:46.848,0.058,0.977,0.180,-2.336,-1.573,2.183
18:12:47.050,0.057,0.973,0.178,-2.160,-1.740,2.107
18:12:47.250,0.056,0.978,0.185,-2.321,-1.450,2.015
18:12:47.454,0.055,0.977,0.177,-2.328,-1.435,1.901
18:12:47.656,0.062,0.974,0.184,-2.214,-1.550,2.206
18:12:47.857,0.056,0.976,0.196,-2.748,-1.489,2.229
18:12:48.060,0.062,0.975,0.192,-2.489,-1.511,2.008
18:12:48.261,0.054,0.977,0.189,-2.252,-1.641,2.229
18:12:48.461,0.062,0.977,0.193,-2.321,-1.695,2.267
18:12:48.661,0.060,0.977,0.186,-2.527,-1.611,2.305
18:12:48.868,0.061,0.982,0.180,-2.519,-1.740,1.947
18:12:49.070,0.062,0.981,0.184,-2.443,-1.824,1.962
18:12:49.271,0.060,0.983,0.185,-2.458,-1.634,1.710
18:12:49.474,0.061,0.972,0.191,-2.328,-1.779,1.954
18:12:49.675,0.061,0.978,0.186,-2.466,-1.573,1.916
18:12:49.878,0.056,0.978,0.187,-2.145,-1.481,2.015
18:12:50.080,0.055,0.981,0.179,-1.969,-1.840,2.763
18:12:50.280,0.060,0.973,0.188,-2.389,-1.626,1.863
18:12:50.481,0.058,0.976,0.192,-2.359,-1.405,1.878
18:12:50.685,0.063,0.976,0.185,-2.153,-1.481,2.122
18:12:50.888,0.060,0.976,0.180,-1.878,-1.466,2.221
18:12:51.090,0.058,0.972,0.183,-2.344,-1.679,2.023
18:12:51.291,0.056,0.975,0.180,-2.458,-1.550,1.840
18:12:51.491,0.058,0.976,0.190,-2.168,-1.641,2.305
18:12:51.696,0.061,0.982,0.178,-2.359,-1.389,2.069
18:12:51.892,0.055,0.974,0.183,-2.344,-1.588,1.893
18:12:52.100,0.054,0.977,0.179,-2.481,-1.481,1.656
18:12:52.301,0.054,0.977,0.184,-2.275,-1.534,1.908
18:12:52.504,0.058,0.981,0.183,-2.420,-1.382,2.198
18:12:52.705,0.061,0.974,0.188,-2.374,-1.321,1.748
18:12:52.902,0.062,0.982,0.192,-2.618,-1.351,1.870
18:12:53.110,0.052,0.979,0.182,-2.336,-1.756,2.244
18:12:53.312,0.057,0.972,0.182,-2.328,-1.458,2.061
18:12:53.514,0.054,0.974,0.182,-2.191,-1.634,2.107
18:12:53.716,0.059,0.975,0.182,-2.252,-1.611,2.023
18:12:53.918,0.058,0.973,0.184,-2.198,-1.435,2.107
18:12:54.120,0.065,0.978,0.184,-2.122,-1.443,2.198
18:12:54.322,0.057,0.975,0.183,-2.305,-1.595,2.443
18:12:54.524,0.060,0.979,0.180,-2.458,-1.382,1.626
18:12:54.726,0.054,0.975,0.179,-2.473,-1.595,2.168
18:12:54.922,0.057,0.976,0.186,-2.336,-1.565,1.802
18:12:55.130,0.057,0.977,0.185,-2.290,-1.687,1.931
18:12:55.332,0.061,0.974,0.186,-2.076,-1.595,2.313
18:12:55.534,0.059,0.975,0.183,-2.351,-1.412,1.786
18:12:55.736,0.060,0.975,0.179,-2.305,-1.802,2.328
18:12:55.937,0.059,0.980,0.183,-2.435,-1.473,2.069
18:12:56.140,0.057,0.974,0.188,-2.290,-1.649,2.061
18:12:56.342,0.051,0.976,0.190,-2.366,-1.542,2.008
18:12:56.544,0.060,0.978,0.179,-2.351,-1.450,2.214
18:12:56.746,0.057,0.980,0.186,-2.412,-1.603,2.046
18:12:56.947,0.057,0.976,0.182,-1.962,-1.840,2.107
18:12:57.150,0.062,0.977,0.194,-2.229,-1.870,2.397
18:12:57.352,0.057,0.975,0.190,-2.519,-1.634,1.740
18:12:57.552,0.058,0.980,0.180,-2.290,-1.603,1.863
18:12:57.752,0.057,0.980,0.190,-2.176,-1.527,2.137
18:12:57.958,0.054,0.980,0.178,-2.115,-1.511,2.183
18:12:58.160,0.051,0.977,0.186,-2.092,-1.725,2.298
18:12:58.362,0.054,0.978,0.186,-2.641,-1.374,1.771
18:12:58.562,0.052,0.973,0.191,-1.954,-1.435,2.420
18:12:58.766,0.052,0.979,0.187,-2.122,-1.641,2.382
18:12:58.967,0.056,0.981,0.188,-2.183,-1.664,2.145
18:12:59.170,0.061,0.979,0.189,-2.260,-1.771,2.198
18:12:59.371,0.061,0.979,0.186,-1.954,-1.427,2.191
18:12:59.570,0.053,0.971,0.196,-2.122,-1.420,2.336
18:12:59.772,0.063,0.976,0.188,-2.435,-1.809,2.328
18:12:59.978,0.054,0.975,0.186,-2.160,-1.748,2.420
18:13:00.180,0.055,0.978,0.185,-2.313,-1.679,2.221
18:13:00.382,0.057,0.977,0.181,-2.603,-1.427,1.992
18:13:00.582,0.060,0.978,0.180,-2.374,-1.580,2.076
18:13:00.786,0.058,0.972,0.182,-2.534,-1.336,1.664
18:13:00.986,0.047,0.977,0.190,-2.351,-1.504,1.855
18:13:01.190,0.055,0.979,0.184,-2.427,-1.588,2.115
18:13:01.392,0.058,0.978,0.185,-2.313,-1.511,2.290
18:13:01.594,0.057,0.979,0.183,-2.519,-1.489,2.206
18:13:01.792,0.065,0.980,0.180,-2.206,-1.573,2.336
18:13:01.992,0.057,0.972,0.180,-2.725,-1.427,1.290
18:13:02.200,0.063,0.977,0.190,-2.382,-1.542,2.084
18:13:02.402,0.056,0.978,0.183,-2.107,-1.443,2.130
18:13:02.604,0.061,0.986,0.201,-2.649,-1.481,1.847
18:13:02.806,0.053,0.975,0.182,-2.328,-1.366,2.107
18:13:03.003,0.061,0.968,0.181,-2.511,-1.511,1.779
18:13:03.210,0.052,0.975,0.179,-2.000,-1.519,2.145
18:13:03.411,0.060,0.979,0.188,-2.550,-1.290,1.847
18:13:03.611,0.052,0.978,0.180,-2.061,-1.809,2.145
18:13:03.810,0.054,0.982,0.181,-2.382,-1.351,2.206
18:13:04.018,0.062,0.984,0.190,-2.305,-1.374,2.023
18:13:04.220,0.063,0.973,0.184,-2.290,-1.809,2.092
18:13:04.421,0.051,0.979,0.183,-2.267,-1.748,2.061
18:13:04.624,0.057,0.972,0.181,-1.939,-1.634,2.389
18:13:04.826,0.048,0.974,0.181,-2.038,-1.649,2.168
18:13:05.021,0.052,0.976,0.182,-2.183,-1.473,1.977
18:13:05.230,0.056,0.978,0.179,-2.344,-1.626,1.718
18:13:05.432,0.058,0.970,0.180,-2.237,-1.534,2.198
18:13:05.632,0.061,0.978,0.182,-2.435,-1.382,1.985
18:13:05.836,0.061,0.980,0.186,-2.305,-1.573,1.756
18:13:06.036,0.062,0.980,0.185,-2.550,-1.176,1.947
18:13:06.240,0.057,0.972,0.186,-2.389,-1.534,1.740
18:13:06.442,0.059,0.977,0.187,-2.397,-1.450,1.985
18:13:06.642,0.060,0.972,0.185,-2.000,-2.084,2.275
18:13:06.846,0.058,0.982,0.185,-2.443,-1.603,1.817
18:13:07.041,0.054,0.973,0.173,-1.863,-1.817,2.168
18:13:07.250,0.057,0.975,0.186,-2.275,-1.382,2.000
18:13:07.452,0.057,0.975,0.177,-2.260,-1.664,2.122
18:13:07.652,0.063,0.977,0.190,-2.183,-1.412,2.206
18:13:07.851,0.058,0.977,0.187,-2.053,-1.519,1.885
18:13:08.052,0.056,0.979,0.197,-2.229,-1.679,2.137
18:13:08.260,0.058,0.973,0.181,-2.298,-1.359,1.916
18:13:08.462,0.054,0.979,0.175,-2.542,-1.718,2.092
18:13:08.662,0.064,0.973,0.189,-2.427,-1.649,2.130
18:13:08.860,0.052,0.978,0.193,-1.985,-1.618,2.466
18:13:09.060,0.053,0.978,0.182,-2.427,-1.603,2.160
18:13:09.270,0.059,0.978,0.186,-2.374,-1.382,1.809
18:13:09.472,0.053,0.974,0.191,-2.252,-1.573,2.084
18:13:09.674,0.057,0.976,0.180,-2.435,-1.450,1.740
18:13:09.876,0.054,0.979,0.191,-2.351,-1.557,1.847
18:13:10.076,0.061,0.981,0.182,-2.244,-1.580,2.267
18:13:10.279,0.061,0.974,0.189,-2.282,-1.359,1.824
18:13:10.481,0.056,0.976,0.190,-2.534,-1.328,2.244
18:13:10.682,0.054,0.975,0.178,-2.321,-1.527,1.824
18:13:10.886,0.052,0.969,0.192,-2.252,-1.435,1.725
18:13:11.087,0.058,0.982,0.183,-2.435,-1.359,1.939
18:13:11.289,0.053,0.979,0.188,-2.275,-1.626,1.885
18:13:11.492,0.057,0.974,0.180,-2.099,-1.603,1.710
18:13:11.692,0.058,0.980,0.190,-2.153,-1.656,2.130
18:13:11.891,0.053,0.982,0.194,-2.076,-1.519,2.023
18:13:12.092,0.059,0.979,0.186,-2.153,-1.634,1.908
18:13:12.300,0.049,0.980,0.182,-2.183,-1.557,2.061
18:13:12.502,0.063,0.985,0.185,-2.092,-1.718,2.237
18:13:12.704,0.061,0.980,0.183,-2.031,-1.672,2.557
18:13:12.906,0.055,0.969,0.180,-2.198,-1.443,1.695
18:13:13.103,0.060,0.979,0.181,-2.076,-2.008,2.122
18:13:13.310,0.054,0.975,0.183,-2.282,-1.557,2.160
18:13:13.512,0.056,0.981,0.181,-2.374,-1.511,2.053
18:13:13.711,0.052,0.980,0.183,-2.130,-1.580,2.206
18:13:13.910,0.057,0.975,0.184,-2.221,-1.664,1.931
18:13:14.110,0.053,0.979,0.186,-2.145,-1.702,2.275
18:13:14.320,0.058,0.980,0.181,-2.366,-1.595,1.702
18:13:14.522,0.054,0.982,0.180,-2.038,-1.534,2.504
18:13:14.724,0.053,0.973,0.177,-2.328,-1.664,1.916
18:13:14.926,0.065,0.977,0.185,-2.252,-1.336,2.130
18:13:15.127,0.058,0.980,0.181,-2.183,-1.634,2.237
18:13:15.330,0.058,0.978,0.179,-2.374,-1.359,1.664
18:13:15.531,0.056,0.970,0.179,-1.832,-1.756,2.496
18:13:15.731,0.055,0.981,0.186,-2.305,-1.656,2.313
18:13:15.936,0.055,0.982,0.180,-2.504,-1.466,1.679
18:13:16.136,0.060,0.979,0.190,-2.702,-1.313,1.847
18:13:16.340,0.058,0.976,0.185,-2.206,-1.748,2.122
18:13:16.542,0.058,0.979,0.180,-2.191,-1.489,1.794
18:13:16.744,0.063,0.977,0.179,-2.489,-1.718,1.954
18:13:16.940,0.055,0.982,0.179,-2.282,-1.687,2.015
18:13:17.148,0.062,0.976,0.177,-2.397,-1.328,1.550
18:13:17.350,0.055,0.981,0.185,-2.550,-1.794,1.878
18:13:17.550,0.056,0.973,0.186,-2.115,-1.450,2.076
18:13:17.752,0.058,0.981,0.188,-2.550,-1.725,1.718
18:13:17.951,0.064,0.977,0.190,-2.305,-1.595,1.916
18:13:18.151,0.052,0.981,0.181,-2.427,-1.275,1.702
18:13:18.360,0.054,0.975,0.182,-2.214,-1.740,2.580
18:13:18.561,0.053,0.981,0.190,-2.298,-1.458,2.076
18:13:18.762,0.058,0.977,0.179,-2.336,-1.687,1.840
18:13:18.960,0.065,0.972,0.189,-2.473,-1.466,1.947
18:13:19.160,0.056,0.981,0.174,-2.412,-1.466,1.908
18:13:19.370,0.049,0.976,0.176,-2.000,-1.672,2.466
18:13:19.570,0.053,0.972,0.179,-2.275,-1.504,2.427
18:13:19.774,0.055,0.978,0.182,-2.321,-1.603,2.290
18:13:19.976,0.063,0.977,0.185,-2.382,-1.374,1.603
18:13:20.176,0.058,0.975,0.187,-2.130,-1.366,2.038
18:13:20.380,0.062,0.973,0.186,-2.191,-1.504,2.145
18:13:20.581,0.058,0.974,0.186,-2.405,-1.427,1.794
18:13:20.781,0.062,0.972,0.174,-2.206,-1.611,2.237
18:13:20.986,0.062,0.974,0.178,-2.206,-1.641,1.969
18:13:21.188,0.060,0.980,0.177,-1.985,-1.565,2.420
18:13:21.389,0.055,0.973,0.186,-2.107,-1.550,2.313
18:13:21.592,0.059,0.971,0.177,-2.244,-1.397,2.000
18:13:21.793,0.049,0.972,0.180,-1.901,-1.718,2.344
18:13:21.993,0.056,0.984,0.184,-2.336,-1.473,1.992
18:13:22.198,0.063,0.980,0.179,-2.397,-1.366,1.954
18:13:22.400,0.064,0.975,0.179,-2.031,-1.702,2.244
18:13:22.600,0.063,0.971,0.184,-2.099,-1.481,2.252
18:13:22.804,0.055,0.973,0.184,-2.489,-1.366,1.725
18:13:23.006,0.059,0.975,0.177,-2.580,-1.443,1.916
18:13:23.208,0.054,0.975,0.184,-2.481,-1.595,2.031
18:13:23.411,0.054,0.976,0.188,-2.191,-1.641,2.198
18:13:23.612,0.056,0.977,0.178,-1.832,-1.740,2.359
18:13:23.812,0.058,0.974,0.185,-2.122,-1.702,2.053
18:13:24.010,0.049,0.978,0.185,-2.313,-1.542,1.786
18:13:24.212,0.056,0.979,0.186,-2.504,-1.321,1.840
18:13:24.420,0.055,0.976,0.183,-2.481,-1.595,1.954
18:13:24.622,0.055,0.982,0.190,-2.168,-1.687,2.084
18:13:24.821,0.053,0.979,0.187,-2.061,-1.611,2.076
18:13:25.022,0.059,0.977,0.193,-2.344,-1.443,1.916
18:13:25.222,0.060,0.984,0.178,-2.489,-1.496,1.870
18:13:25.430,0.062,0.984,0.185,-2.275,-1.420,2.244
18:13:25.631,0.059,0.976,0.188,-2.527,-1.427,2.023
18:13:25.831,0.064,0.974,0.192,-2.298,-1.244,1.870
18:13:26.036,0.061,0.977,0.181,-2.496,-1.702,2.160
18:13:26.237,0.062,0.982,0.196,-2.221,-1.588,2.252
18:13:26.440,0.058,0.973,0.195,-2.427,-1.603,1.992
18:13:26.642,0.055,0.980,0.184,-2.626,-1.427,1.847
18:13:26.844,0.055,0.977,0.181,-2.344,-1.763,2.015
18:13:27.046,0.052,0.980,0.187,-2.405,-1.626,2.015
18:13:27.249,0.057,0.979,0.176,-2.305,-1.504,1.992
18:13:27.450,0.056,0.974,0.177,-2.000,-1.725,2.298
18:13:27.652,0.062,0.971,0.190,-1.954,-1.740,2.076
18:13:27.851,0.056,0.983,0.174,-1.985,-1.885,2.115
18:13:28.052,0.059,0.974,0.176,-2.214,-1.550,2.290
18:13:28.252,0.059,0.979,0.192,-2.313,-1.252,1.992
18:13:28.460,0.061,0.973,0.187,-2.496,-1.359,2.031
18:13:28.661,0.049,0.975,0.182,-2.328,-1.588,1.916
18:13:28.861,0.069,0.974,0.180,-2.298,-1.718,2.084
18:13:29.060,0.055,0.977,0.176,-2.366,-1.710,1.817
18:13:29.262,0.059,0.977,0.178,-2.015,-1.695,2.153
18:13:29.470,0.053,0.982,0.177,-2.420,-1.527,2.351
18:13:29.672,0.051,0.978,0.183,-2.099,-1.802,2.489
18:13:29.874,0.053,0.973,0.185,-2.298,-1.473,2.107
18:13:30.077,0.056,0.974,0.187,-2.344,-1.481,2.053
18:13:30.279,0.059,0.978,0.185,-2.321,-1.389,2.122
18:13:30.474,0.059,0.977,0.184,-2.176,-1.618,2.008
18:13:30.682,0.049,0.973,0.183,-2.130,-1.664,2.023
18:13:30.883,0.051,0.982,0.183,-2.412,-1.786,2.015
18:13:31.082,0.055,0.980,0.181,-2.344,-1.618,1.924
18:13:31.288,0.058,0.975,0.178,-2.275,-1.389,2.176
18:13:31.491,0.051,0.980,0.168,-2.092,-1.802,2.321
18:13:31.693,0.059,0.980,0.183,-2.489,-1.473,2.015
18:13:31.892,0.059,0.978,0.187,-1.954,-1.580,2.145
18:13:32.093,0.055,0.977,0.181,-2.260,-1.649,2.267
18:13:32.293,0.053,0.978,0.186,-2.458,-1.641,1.939
18:13:32.494,0.057,0.977,0.184,-2.275,-1.366,1.947
18:13:32.702,0.062,0.973,0.179,-2.290,-1.740,2.244
18:13:32.905,0.058,0.985,0.188,-2.168,-1.412,2.206
18:13:33.106,0.057,0.972,0.183,-2.351,-1.527,1.885
18:13:33.308,0.052,0.981,0.179,-2.450,-1.527,1.718
18:13:33.510,0.056,0.979,0.181,-2.519,-1.412,2.000
18:13:33.713,0.055,0.983,0.178,-2.366,-1.450,2.176
18:13:33.915,0.053,0.975,0.184,-2.489,-1.672,2.015
18:13:34.116,0.046,0.976,0.189,-2.244,-1.443,2.000
18:13:34.319,0.055,0.981,0.185,-2.573,-1.916,1.885
18:13:34.520,0.059,0.976,0.193,-2.153,-1.557,2.290
18:13:34.722,0.057,0.982,0.188,-2.344,-1.359,2.061
18:13:34.924,0.058,0.981,0.188,-2.573,-1.664,1.847
18:13:35.127,0.058,0.977,0.196,-2.305,-1.519,1.962
18:13:35.329,0.061,0.977,0.193,-2.626,-1.611,2.046
18:13:35.530,0.058,0.972,0.196,-2.191,-1.580,2.015
18:13:35.733,0.060,0.971,0.175,-2.275,-1.611,2.099
18:13:35.935,0.061,0.977,0.183,-2.351,-1.458,2.023
18:13:36.137,0.057,0.977,0.182,-1.962,-1.603,2.153
18:13:36.338,0.052,0.979,0.176,-1.947,-1.580,2.298
18:13:36.541,0.057,0.984,0.174,-2.160,-1.603,2.229
18:13:36.743,0.055,0.974,0.185,-2.061,-1.626,2.244
18:13:36.944,0.056,0.971,0.178,-2.344,-1.611,1.992
18:13:37.146,0.058,0.980,0.181,-2.153,-1.695,1.924
18:13:37.349,0.059,0.976,0.185,-2.092,-1.641,2.084
18:13:37.551,0.061,0.976,0.184,-2.198,-1.779,2.244
18:13:37.752,0.053,0.976,0.183,-2.214,-1.771,1.992
18:13:37.954,0.058,0.979,0.179,-2.153,-1.710,1.969
18:13:38.154,0.063,0.977,0.189,-2.557,-1.366,2.244
18:13:38.359,0.061,0.974,0.181,-2.473,-1.450,2.046
18:13:38.561,0.060,0.980,0.183,-2.290,-1.748,2.015
18:13:38.762,0.060,0.977,0.183,-2.282,-1.565,1.924
18:13:38.964,0.052,0.976,0.182,-2.321,-1.481,2.092
18:13:39.166,0.054,0.977,0.182,-2.359,-1.573,2.214
18:13:39.367,0.058,0.981,0.192,-2.359,-1.397,1.916
18:13:39.570,0.053,0.974,0.188,-2.397,-1.427,2.076
18:13:39.772,0.055,0.978,0.188,-2.305,-1.679,2.122
18:13:39.974,0.060,0.983,0.184,-2.328,-1.656,2.061
18:13:40.174,0.062,0.976,0.181,-2.252,-1.710,1.969
18:13:40.373,0.055,0.977,0.186,-2.511,-1.473,1.901
18:13:40.572,0.059,0.977,0.190,-2.389,-1.450,1.977
18:13:40.782,0.052,0.978,0.187,-2.542,-1.611,1.817
18:13:40.985,0.061,0.978,0.187,-2.664,-1.656,1.863
18:13:41.186,0.057,0.975,0.187,-2.275,-1.695,2.099
18:13:41.389,0.048,0.979,0.194,-2.099,-1.450,2.076
18:13:41.590,0.058,0.978,0.179,-2.275,-1.504,1.908
18:13:41.792,0.061,0.978,0.187,-2.191,-1.580,2.267
18:13:41.993,0.058,0.976,0.186,-2.466,-1.511,2.038
18:13:42.193,0.057,0.977,0.178,-2.214,-1.534,2.038
18:13:42.393,0.062,0.977,0.189,-2.382,-1.611,2.122
18:13:42.592,0.061,0.978,0.182,-1.969,-1.412,2.328
18:13:42.803,0.059,0.978,0.181,-2.290,-1.420,2.115
18:13:43.004,0.054,0.978,0.183,-2.168,-1.595,2.198
18:13:43.205,0.058,0.974,0.180,-2.168,-1.603,2.046
18:13:43.405,0.051,0.976,0.188,-2.397,-1.573,1.893
18:13:43.605,0.057,0.976,0.192,-2.687,-1.763,2.130
18:13:43.812,0.057,0.978,0.183,-2.405,-1.427,1.824
18:13:44.012,0.057,0.977,0.184,-2.328,-1.321,1.985
18:13:44.213,0.058,0.980,0.187,-2.351,-1.489,2.145
18:13:44.414,0.055,0.981,0.186,-2.260,-1.542,1.985
18:13:44.621,0.057,0.976,0.183,-2.099,-1.489,2.183
18:13:44.822,0.058,0.974,0.187,-2.298,-1.740,2.107
18:13:45.023,0.061,0.977,0.187,-2.214,-1.656,2.183
18:13:45.223,0.059,0.979,0.187,-2.298,-1.580,1.947
18:13:45.422,0.057,0.977,0.185,-2.374,-1.748,1.985
18:13:45.622,0.053,0.975,0.185,-2.267,-1.786,2.221
18:13:45.832,0.060,0.976,0.184,-2.359,-1.649,1.992
18:13:46.034,0.052,0.976,0.177,-2.489,-1.473,2.038
18:13:46.236,0.058,0.972,0.181,-2.382,-1.550,2.176
18:13:46.438,0.064,0.976,0.187,-2.489,-1.664,1.985
18:13:46.638,0.059,0.985,0.183,-2.573,-1.504,2.115
18:13:46.843,0.057,0.982,0.170,-2.031,-2.084,2.122
18:13:47.043,0.056,0.978,0.193,-2.122,-1.458,2.076
18:13:47.243,0.055,0.978,0.185,-2.260,-1.557,2.244
18:13:47.448,0.060,0.979,0.180,-1.893,-1.412,2.290
18:13:47.650,0.056,0.978,0.185,-2.145,-1.718,2.206
18:13:47.853,0.050,0.982,0.186,-2.435,-1.374,2.099
18:13:48.055,0.061,0.979,0.192,-1.916,-1.733,2.237
18:13:48.255,0.060,0.977,0.181,-2.473,-1.802,2.107
18:13:48.458,0.054,0.978,0.184,-2.397,-1.550,1.947
18:13:48.661,0.057,0.979,0.179,-2.389,-1.542,2.008
18:13:48.862,0.059,0.979,0.182,-2.519,-1.611,2.061
18:13:49.062,0.052,0.973,0.193,-2.382,-1.519,1.954
18:13:49.267,0.056,0.976,0.190,-2.137,-1.626,2.206
18:13:49.463,0.054,0.982,0.177,-2.130,-1.725,2.084
18:13:49.671,0.057,0.973,0.185,-2.153,-1.519,2.069
18:13:49.872,0.056,0.978,0.187,-2.489,-1.748,2.122
18:13:50.075,0.052,0.975,0.189,-1.977,-1.328,2.122
18:13:50.273,0.052,0.976,0.192,-2.481,-1.473,1.733
18:13:50.472,0.053,0.973,0.186,-2.405,-1.916,2.160
18:13:50.672,0.058,0.969,0.189,-2.282,-1.695,2.305
18:13:50.882,0.046,0.981,0.181,-2.061,-1.489,2.160
18:13:51.085,0.059,0.974,0.181,-2.260,-1.511,1.840
18:13:51.287,0.055,0.972,0.181,-2.305,-1.595,2.107
18:13:51.489,0.056,0.979,0.184,-2.099,-1.832,2.130
18:13:51.691,0.058,0.979,0.178,-2.374,-1.481,1.901
18:13:51.892,0.057,0.975,0.187,-2.244,-1.702,2.321
18:13:52.093,0.059,0.979,0.192,-2.176,-1.359,2.168
18:13:52.293,0.058,0.981,0.179,-2.267,-1.603,2.344
18:13:52.493,0.054,0.981,0.185,-2.481,-1.489,1.855
18:13:52.701,0.058,0.977,0.183,-2.237,-1.817,2.130
18:13:52.903,0.061,0.979,0.182,-2.427,-1.733,2.176
18:13:53.104,0.054,0.979,0.185,-2.092,-1.534,2.321
18:13:53.307,0.058,0.975,0.183,-2.252,-1.298,1.802
18:13:53.507,0.056,0.977,0.190,-2.168,-1.527,1.924
18:13:53.707,0.063,0.976,0.175,-2.275,-1.588,2.252
18:13:53.912,0.057,0.977,0.190,-2.038,-1.550,2.252
18:13:54.115,0.059,0.977,0.183,-2.351,-1.519,2.092
18:13:54.317,0.057,0.980,0.182,-2.099,-1.672,2.076
18:13:54.513,0.054,0.979,0.181,-2.313,-1.450,2.267
18:13:54.721,0.055,0.978,0.188,-2.397,-1.511,2.053
18:13:54.923,0.058,0.973,0.180,-2.313,-1.595,2.237
18:13:55.125,0.055,0.974,0.190,-2.305,-1.565,2.061
18:13:55.323,0.059,0.982,0.188,-2.321,-1.580,2.275
18:13:55.522,0.063,0.975,0.187,-2.336,-1.443,1.931
18:13:55.722,0.057,0.981,0.181,-2.389,-1.618,1.863
18:13:55.933,0.057,0.978,0.187,-2.153,-1.618,1.954
18:13:56.132,0.057,0.975,0.181,-2.328,-1.527,2.160
18:13:56.332,0.056,0.978,0.189,-2.198,-1.679,2.229
18:13:56.533,0.055,0.976,0.181,-2.313,-1.412,2.069
18:13:56.741,0.058,0.972,0.178,-2.511,-1.511,2.107
18:13:56.943,0.051,0.973,0.179,-2.336,-1.626,1.924
18:13:57.145,0.063,0.979,0.183,-2.237,-1.534,2.092
18:13:57.343,0.059,0.977,0.184,-2.122,-1.504,2.237
18:13:57.544,0.051,0.976,0.177,-2.260,-1.664,2.046
18:13:57.751,0.065,0.979,0.177,-2.305,-1.718,2.000
18:13:57.953,0.055,0.981,0.172,-2.229,-1.832,2.267
18:13:58.154,0.055,0.976,0.191,-2.221,-1.565,2.053
18:13:58.357,0.054,0.973,0.180,-2.344,-1.374,1.893
18:13:58.552,0.057,0.979,0.171,-2.290,-1.634,2.031
18:13:58.760,0.052,0.973,0.187,-2.427,-1.702,2.038
18:13:58.962,0.055,0.979,0.183,-2.092,-1.519,2.282
18:13:59.165,0.046,0.977,0.181,-2.061,-1.634,2.122
18:13:59.363,0.062,0.977,0.184,-2.122,-1.687,2.366
18:13:59.569,0.048,0.974,0.180,-2.351,-1.725,2.061
18:13:59.771,0.053,0.976,0.182,-2.122,-1.748,2.626
18:13:59.973,0.052,0.981,0.187,-2.328,-1.481,1.908
18:14:00.173,0.055,0.973,0.186,-2.267,-1.489,2.069
18:14:00.374,0.053,0.972,0.178,-2.336,-1.412,1.954
18:14:00.572,0.056,0.977,0.180,-2.160,-1.580,2.344
18:14:00.781,0.058,0.978,0.188,-2.214,-1.550,1.794
18:14:00.982,0.056,0.974,0.180,-2.405,-1.748,2.145
18:14:01.185,0.058,0.976,0.188,-1.985,-1.656,2.298
18:14:01.387,0.058,0.977,0.188,-2.366,-1.634,2.244
18:14:01.589,0.054,0.980,0.191,-2.237,-1.550,1.992
18:14:01.791,0.049,0.976,0.177,-2.321,-1.573,2.076
18:14:01.993,0.064,0.977,0.183,-2.336,-1.511,2.061
18:14:02.195,0.057,0.974,0.190,-2.168,-1.611,2.153
18:14:02.397,0.058,0.979,0.183,-2.031,-1.565,2.031
18:14:02.591,0.059,0.977,0.189,-2.412,-1.534,1.924
18:14:02.801,0.054,0.975,0.174,-2.053,-1.824,2.092
18:14:02.991,0.049,0.979,0.178,-2.038,-1.611,2.176
18:14:03.190,0.056,0.978,0.183,-2.145,-1.405,1.985
18:14:03.407,0.057,0.984,0.181,-2.473,-1.435,2.115
18:14:03.607,0.055,0.975,0.183,-2.313,-1.763,2.130
18:14:03.807,0.057,0.973,0.178,-2.176,-1.458,1.992
18:14:04.007,0.056,0.975,0.183,-2.397,-1.664,2.252
18:14:04.208,0.052,0.978,0.180,-2.206,-1.534,2.466
18:14:04.408,0.063,0.975,0.182,-2.214,-1.565,2.267
18:14:04.606,0.054,0.973,0.183,-2.412,-1.443,1.924
18:14:04.821,0.055,0.977,0.189,-2.168,-1.679,2.061
18:14:05.022,0.053,0.973,0.185,-2.298,-1.466,2.023
18:14:05.218,0.057,0.979,0.183,-2.252,-1.611,2.176
18:14:05.427,0.054,0.978,0.179,-2.092,-1.542,1.954
18:14:05.623,0.052,0.973,0.187,-2.252,-1.481,2.115
18:14:05.823,0.056,0.977,0.181,-2.229,-1.565,2.191
18:14:06.022,0.049,0.976,0.183,-2.298,-1.466,2.191
18:14:06.224,0.055,0.976,0.184,-2.389,-1.321,2.206
18:14:06.424,0.061,0.976,0.187,-2.374,-1.748,1.977
18:14:06.639,0.050,0.975,0.183,-2.313,-1.595,2.244
18:14:06.841,0.054,0.973,0.185,-2.351,-1.611,2.015
18:14:07.042,0.050,0.977,0.192,-2.176,-1.618,2.313
18:14:07.241,0.059,0.982,0.183,-2.107,-1.580,2.176
18:14:07.441,0.058,0.977,0.185,-2.435,-1.588,1.878
18:14:07.641,0.060,0.977,0.194,-2.450,-1.534,1.969
18:14:07.841,0.057,0.968,0.179,-2.374,-1.687,1.947
18:14:08.053,0.059,0.977,0.185,-2.176,-1.458,2.160
18:14:08.255,0.055,0.975,0.187,-2.206,-1.702,2.153
18:14:08.457,0.061,0.979,0.192,-2.252,-1.740,2.336
18:14:08.658,0.059,0.979,0.191,-2.198,-1.443,2.267
18:14:08.855,0.056,0.976,0.185,-2.191,-1.466,2.206
18:14:09.056,0.059,0.978,0.178,-2.275,-1.786,2.015
18:14:09.256,0.054,0.972,0.191,-2.206,-1.626,2.351
18:14:09.467,0.060,0.979,0.185,-2.267,-1.565,2.137
18:14:09.658,0.060,0.972,0.187,-2.168,-1.496,2.198
18:14:09.859,0.063,0.975,0.185,-2.237,-1.664,2.160
18:14:10.072,0.060,0.980,0.188,-2.351,-1.519,2.015
18:14:10.275,0.055,0.980,0.192,-2.130,-1.611,2.328
18:14:10.477,0.060,0.984,0.180,-2.397,-1.641,1.794
18:14:10.679,0.053,0.973,0.183,-2.168,-1.664,2.046
18:14:10.881,0.059,0.977,0.183,-2.336,-1.473,2.031
18:14:11.080,0.058,0.982,0.182,-2.328,-1.420,2.160
18:14:11.281,0.055,0.972,0.192,-2.244,-1.779,2.275
18:14:11.481,0.053,0.977,0.179,-2.244,-1.695,2.412
18:14:11.682,0.061,0.976,0.185,-2.130,-1.595,2.237
18:14:11.891,0.053,0.977,0.182,-2.397,-1.580,1.924
18:14:12.093,0.051,0.975,0.169,-2.328,-1.519,1.885
18:14:12.284,0.053,0.979,0.180,-2.328,-1.626,2.137
18:14:12.497,0.060,0.980,0.191,-2.336,-1.603,1.878
18:14:12.691,0.063,0.974,0.184,-2.244,-1.344,2.061
18:14:12.901,0.057,0.973,0.184,-2.260,-1.664,1.992
18:14:13.103,0.061,0.978,0.192,-2.260,-1.573,1.977
18:14:13.299,0.057,0.978,0.184,-2.305,-1.397,2.130
18:14:13.499,0.054,0.980,0.187,-2.305,-1.687,2.061
18:14:13.709,0.053,0.975,0.177,-2.313,-1.565,2.076
18:14:13.899,0.065,0.974,0.180,-2.191,-1.557,2.023
18:14:14.107,0.061,0.981,0.186,-2.221,-1.550,2.092
18:14:14.307,0.054,0.974,0.186,-2.435,-1.580,2.191
18:14:14.516,0.054,0.981,0.182,-2.427,-1.511,2.092
18:14:14.716,0.069,0.974,0.189,-2.260,-1.450,2.038
18:14:14.917,0.054,0.980,0.180,-2.206,-1.489,2.160
18:14:15.123,0.062,0.976,0.188,-2.328,-1.786,1.992
18:14:15.317,0.062,0.979,0.182,-2.237,-1.534,1.916
18:14:15.527,0.060,0.975,0.184,-2.168,-1.786,2.206
18:14:15.722,0.064,0.980,0.183,-2.176,-1.565,2.275
18:14:15.931,0.048,0.973,0.183,-2.427,-1.618,2.069
18:14:16.133,0.057,0.979,0.179,-2.374,-1.405,2.023
18:14:16.335,0.063,0.976,0.184,-2.382,-1.489,1.924
18:14:16.533,0.054,0.976,0.182,-2.389,-1.664,1.916
18:14:16.739,0.056,0.974,0.179,-2.374,-1.687,1.824
18:14:16.941,0.055,0.980,0.188,-2.275,-1.687,2.183
18:14:17.143,0.062,0.971,0.181,-2.244,-1.511,2.153
18:14:17.345,0.059,0.981,0.190,-2.450,-1.718,2.069
18:14:17.536,0.052,0.978,0.183,-2.214,-1.458,1.908
18:14:17.749,0.060,0.980,0.191,-2.351,-1.580,1.969
18:14:17.942,0.061,0.982,0.177,-2.275,-1.481,1.954
18:14:18.152,0.061,0.981,0.182,-2.153,-1.435,2.206
18:14:18.354,0.060,0.976,0.178,-2.198,-1.443,2.046
18:14:18.553,0.058,0.980,0.182,-2.198,-1.458,2.115
18:14:18.759,0.060,0.977,0.187,-2.389,-1.504,1.969
18:14:18.956,0.057,0.975,0.180,-2.176,-1.389,2.313
18:14:19.154,0.058,0.977,0.182,-2.344,-1.595,2.260
18:14:19.365,0.053,0.979,0.187,-2.244,-1.443,2.160
18:14:19.554,0.059,0.978,0.179,-2.366,-1.740,1.924
18:14:19.758,0.060,0.977,0.177,-2.252,-1.473,2.061
18:14:19.960,0.061,0.981,0.188,-2.298,-1.672,1.878
18:14:20.173,0.052,0.978,0.182,-2.183,-1.672,2.107
18:14:20.375,0.056,0.980,0.188,-2.420,-1.565,2.038
18:14:20.576,0.053,0.975,0.182,-2.481,-1.489,2.084
18:14:20.779,0.056,0.980,0.182,-2.183,-1.527,2.023
18:14:20.981,0.055,0.969,0.187,-2.214,-1.649,1.931
18:14:21.183,0.055,0.977,0.170,-1.901,-1.557,2.252
18:14:21.382,0.063,0.978,0.183,-2.053,-1.580,2.313
18:14:21.581,0.054,0.981,0.184,-2.130,-1.374,2.046
18:14:21.789,0.056,0.983,0.185,-2.305,-1.649,1.977
18:14:21.991,0.053,0.974,0.184,-2.221,-1.611,2.053
18:14:22.192,0.057,0.978,0.185,-2.145,-1.458,2.160
18:14:22.390,0.058,0.978,0.180,-2.198,-1.580,2.046
18:14:22.592,0.057,0.978,0.181,-2.275,-1.443,2.198
18:14:22.792,0.053,0.974,0.187,-2.351,-1.756,2.000
18:14:23.001,0.063,0.977,0.183,-2.336,-1.344,2.183
18:14:23.202,0.053,0.974,0.191,-2.176,-1.634,1.985
18:14:23.402,0.057,0.979,0.187,-2.252,-1.458,2.061
18:14:23.607,0.059,0.982,0.185,-2.137,-1.634,1.931
18:14:23.809,0.059,0.978,0.187,-2.076,-1.603,2.221
18:14:24.011,0.054,0.988,0.187,-2.267,-1.542,2.053
18:14:24.214,0.057,0.979,0.187,-2.298,-1.664,2.053
18:14:24.416,0.054,0.978,0.183,-2.214,-1.672,2.260
18:14:24.617,0.058,0.976,0.184,-2.160,-1.435,1.947
18:14:24.812,0.056,0.981,0.190,-2.221,-1.550,2.305
18:14:25.021,0.062,0.981,0.185,-2.344,-1.664,1.977
18:14:25.221,0.053,0.977,0.191,-2.305,-1.603,1.992
18:14:25.425,0.055,0.978,0.186,-2.366,-1.458,1.962
18:14:25.627,0.062,0.982,0.181,-2.229,-1.580,2.168
18:14:25.830,0.062,0.979,0.172,-2.389,-1.534,2.023
18:14:26.031,0.065,0.979,0.178,-2.275,-1.519,1.901
18:14:26.233,0.056,0.977,0.190,-2.290,-1.611,2.107
18:14:26.435,0.056,0.979,0.181,-2.405,-1.382,2.145
18:14:26.631,0.061,0.981,0.188,-2.252,-1.565,2.053
18:14:26.830,0.059,0.981,0.181,-2.107,-1.710,2.046
18:14:27.042,0.057,0.975,0.182,-2.191,-1.618,2.176
18:14:27.242,0.054,0.973,0.196,-2.214,-1.748,2.267
18:14:27.441,0.059,0.978,0.182,-2.084,-1.489,2.153
18:14:27.642,0.053,0.976,0.185,-2.542,-1.664,2.252
18:14:27.842,0.059,0.977,0.186,-2.160,-1.595,1.939
18:14:28.051,0.059,0.973,0.185,-2.267,-1.351,2.107
18:14:28.252,0.055,0.973,0.181,-2.427,-1.382,2.053
18:14:28.455,0.059,0.977,0.181,-2.244,-1.511,2.107
18:14:28.657,0.054,0.973,0.183,-2.206,-1.550,2.099
18:14:28.859,0.056,0.976,0.180,-2.275,-1.641,1.992
18:14:29.061,0.059,0.985,0.188,-2.427,-1.611,2.000
18:14:29.262,0.062,0.978,0.187,-2.435,-1.397,2.130
18:14:29.466,0.055,0.980,0.172,-2.298,-1.702,2.145
18:14:29.668,0.061,0.974,0.188,-2.229,-1.603,2.153
18:14:29.869,0.052,0.975,0.184,-2.267,-1.573,1.969
18:14:30.071,0.059,0.979,0.178,-2.382,-1.817,1.985
18:14:30.273,0.052,0.977,0.186,-2.237,-1.458,2.015
18:14:30.475,0.057,0.982,0.183,-2.313,-1.634,2.153
18:14:30.678,0.055,0.979,0.175,-2.359,-1.389,2.160
18:14:30.880,0.053,0.971,0.177,-2.282,-1.511,2.069
18:14:31.082,0.058,0.981,0.189,-2.069,-1.809,1.985
18:14:31.282,0.063,0.981,0.190,-2.191,-1.672,2.176
18:14:31.482,0.057,0.977,0.186,-2.115,-1.786,2.344
18:14:31.681,0.058,0.977,0.181,-2.267,-1.725,2.076
18:14:31.880,0.058,0.976,0.191,-2.282,-1.519,1.824
18:14:32.091,0.058,0.974,0.183,-2.000,-1.863,2.328
18:14:32.291,0.055,0.974,0.194,-2.313,-1.962,2.069
18:14:32.491,0.054,0.982,0.180,-2.168,-1.473,2.260
18:14:32.692,0.057,0.983,0.189,-2.160,-1.489,2.046
18:14:32.899,0.053,0.975,0.191,-1.985,-1.802,2.168
18:14:33.101,0.052,0.981,0.191,-2.427,-1.527,1.931
18:14:33.302,0.057,0.977,0.186,-2.130,-1.847,2.290
18:14:33.505,0.052,0.980,0.185,-2.252,-1.595,2.145
18:14:33.707,0.059,0.978,0.184,-2.550,-1.580,2.244
18:14:33.909,0.057,0.973,0.189,-2.313,-1.725,2.023
18:14:34.111,0.064,0.975,0.191,-2.565,-1.321,1.847
18:14:34.313,0.054,0.974,0.175,-2.519,-1.718,2.015
18:14:34.516,0.059,0.979,0.190,-2.481,-1.901,1.985
18:14:34.715,0.053,0.979,0.197,-2.351,-1.702,2.046
18:14:34.919,0.051,0.973,0.187,-2.344,-1.740,1.878
18:14:35.121,0.057,0.972,0.182,-2.397,-1.748,1.939
18:14:35.324,0.058,0.972,0.178,-2.328,-1.481,1.962
18:14:35.524,0.054,0.979,0.182,-2.344,-1.756,2.107
18:14:35.727,0.055,0.976,0.174,-2.298,-1.580,2.145
18:14:35.930,0.057,0.975,0.181,-2.313,-1.695,2.092
18:14:36.131,0.060,0.977,0.179,-2.344,-1.565,2.084
18:14:36.332,0.058,0.976,0.183,-2.183,-1.718,2.130
18:14:36.532,0.056,0.975,0.182,-2.237,-1.489,1.962
18:14:36.731,0.059,0.979,0.179,-2.351,-1.504,2.061
18:14:36.940,0.061,0.973,0.180,-2.153,-1.802,2.061
18:14:37.141,0.053,0.978,0.184,-2.206,-1.916,2.473
18:14:37.341,0.059,0.975,0.188,-2.420,-1.534,2.229
18:14:37.541,0.062,0.973,0.179,-2.061,-1.427,2.267
18:14:37.742,0.058,0.978,0.183,-2.405,-1.374,1.992
18:14:37.942,0.059,0.979,0.177,-2.290,-1.588,2.153
18:14:38.151,0.059,0.976,0.183,-1.992,-1.802,1.992
18:14:38.352,0.057,0.973,0.175,-2.321,-1.450,1.756
18:14:38.552,0.053,0.972,0.180,-2.550,-1.351,1.687
18:14:38.758,0.057,0.979,0.177,-2.305,-1.435,1.786
18:14:38.960,0.057,0.980,0.183,-2.595,-1.634,1.954
18:14:39.162,0.054,0.981,0.185,-2.008,-1.527,2.053
18:14:39.363,0.059,0.970,0.184,-2.153,-1.656,2.252
18:14:39.566,0.053,0.977,0.183,-2.237,-1.588,2.076
18:14:39.767,0.059,0.978,0.179,-2.168,-1.557,2.137
18:14:39.962,0.055,0.980,0.176,-2.458,-1.779,1.824
18:14:40.171,0.055,0.978,0.173,-2.466,-1.542,2.290
18:14:40.374,0.054,0.983,0.184,-2.313,-1.603,1.969
18:14:40.576,0.054,0.982,0.185,-2.031,-1.511,2.115
18:14:40.778,0.057,0.976,0.179,-2.237,-1.611,2.160
18:14:40.980,0.054,0.981,0.179,-2.389,-1.534,2.176
18:14:41.181,0.053,0.975,0.177,-2.214,-1.695,2.168
18:14:41.382,0.059,0.976,0.180,-2.336,-1.527,2.107
18:14:41.585,0.053,0.976,0.172,-2.237,-1.489,2.130
18:14:41.782,0.056,0.979,0.184,-2.153,-1.664,2.321
18:14:41.990,0.051,0.977,0.183,-2.008,-1.427,2.053
18:14:42.192,0.050,0.979,0.181,-2.214,-1.618,1.870
18:14:42.393,0.055,0.971,0.185,-2.405,-1.550,2.023
18:14:42.596,0.057,0.977,0.185,-2.389,-1.458,1.931
18:14:42.797,0.059,0.971,0.183,-2.168,-1.450,2.137
18:14:42.999,0.054,0.975,0.183,-2.229,-1.802,1.992
18:14:43.201,0.056,0.979,0.186,-2.145,-1.397,2.015
18:14:43.403,0.059,0.973,0.187,-2.397,-1.427,1.901
18:14:43.602,0.052,0.979,0.182,-2.542,-1.344,2.122
18:14:43.808,0.055,0.972,0.182,-2.489,-1.595,1.947
18:14:44.010,0.053,0.969,0.180,-2.008,-1.771,2.153
18:14:44.211,0.060,0.980,0.187,-2.336,-1.527,2.046
18:14:44.414,0.054,0.977,0.181,-2.282,-1.878,1.908
18:14:44.616,0.063,0.979,0.183,-2.305,-1.565,2.076
18:14:44.818,0.051,0.976,0.191,-2.328,-1.565,2.031
18:14:45.020,0.059,0.980,0.180,-2.038,-1.557,2.519
18:14:45.221,0.057,0.982,0.185,-2.275,-1.496,2.061
18:14:45.424,0.056,0.978,0.186,-2.427,-1.519,1.916
18:14:45.625,0.052,0.978,0.175,-2.023,-1.557,2.069
18:14:45.828,0.054,0.976,0.173,-2.214,-1.557,2.046
18:14:46.029,0.056,0.974,0.184,-2.344,-1.550,2.008
18:14:46.232,0.054,0.979,0.177,-2.130,-1.649,2.282
18:14:46.433,0.056,0.977,0.183,-2.099,-1.519,2.145
18:14:46.635,0.053,0.980,0.188,-2.336,-1.634,2.015
18:14:46.834,0.058,0.972,0.180,-2.267,-1.748,1.870
18:14:47.040,0.053,0.973,0.186,-2.275,-1.519,1.893
18:14:47.241,0.052,0.983,0.185,-2.282,-1.412,2.252
18:14:47.441,0.057,0.969,0.187,-2.527,-1.542,1.962
18:14:47.645,0.054,0.980,0.190,-2.328,-1.504,2.046
18:14:47.847,0.051,0.975,0.190,-2.710,-1.489,1.954
18:14:48.049,0.060,0.977,0.181,-2.237,-1.565,2.198
18:14:48.252,0.052,0.971,0.189,-2.130,-1.473,1.931
18:14:48.453,0.055,0.980,0.188,-2.191,-1.473,2.351
18:14:48.652,0.056,0.975,0.181,-2.282,-1.542,1.939
18:14:48.857,0.059,0.977,0.186,-2.328,-1.473,2.115
18:14:49.059,0.057,0.976,0.185,-2.130,-1.580,2.153
18:14:49.261,0.055,0.969,0.177,-1.908,-1.366,2.214
18:14:49.464,0.059,0.971,0.184,-2.473,-1.450,1.878
18:14:49.666,0.057,0.975,0.177,-2.481,-1.634,1.679
18:14:49.866,0.058,0.977,0.192,-2.046,-1.427,2.198
18:14:50.070,0.062,0.983,0.180,-2.076,-1.489,2.252
18:14:50.271,0.058,0.980,0.180,-2.557,-1.450,1.832
18:14:50.474,0.063,0.977,0.174,-2.137,-1.534,2.229
18:14:50.676,0.055,0.978,0.182,-2.336,-1.702,2.344
18:14:50.877,0.054,0.979,0.175,-2.198,-1.748,2.153
18:14:51.080,0.063,0.983,0.181,-2.198,-1.580,2.084
18:14:51.282,0.057,0.975,0.181,-2.328,-1.649,2.000
18:14:51.484,0.057,0.976,0.181,-2.137,-1.710,1.969
18:14:51.682,0.052,0.977,0.183,-2.145,-1.626,2.107
18:14:51.888,0.048,0.976,0.190,-2.069,-1.527,2.252
18:14:52.090,0.062,0.978,0.181,-2.115,-1.595,2.366
18:14:52.292,0.053,0.983,0.189,-2.198,-1.595,2.183
18:14:52.494,0.048,0.974,0.180,-2.038,-1.718,2.321
18:14:52.694,0.058,0.981,0.181,-2.198,-1.695,2.382
18:14:52.897,0.054,0.977,0.189,-2.336,-1.603,2.298
18:14:53.100,0.059,0.974,0.177,-2.115,-1.382,2.137
18:14:53.302,0.063,0.975,0.189,-2.145,-1.466,2.107
18:14:53.504,0.062,0.974,0.181,-2.206,-1.565,2.031
18:14:53.705,0.055,0.979,0.179,-2.427,-1.458,2.008
18:14:53.908,0.057,0.973,0.176,-2.145,-1.779,2.153
18:14:54.110,0.053,0.971,0.187,-2.290,-1.687,1.916
18:14:54.311,0.052,0.978,0.188,-2.351,-1.603,2.176
18:14:54.512,0.055,0.982,0.193,-2.534,-1.740,2.000
18:14:54.716,0.067,0.977,0.182,-2.336,-1.817,2.069
18:14:54.916,0.058,0.979,0.175,-2.389,-1.527,1.969
18:14:55.120,0.055,0.979,0.176,-2.450,-1.427,2.023
18:14:55.321,0.055,0.976,0.191,-2.092,-1.565,1.916
18:14:55.522,0.054,0.973,0.181,-2.183,-1.634,2.092
18:14:55.725,0.058,0.972,0.181,-2.153,-1.740,2.176
18:14:55.928,0.054,0.977,0.177,-2.519,-1.679,2.168
18:14:56.129,0.060,0.983,0.194,-2.458,-1.527,1.924
18:14:56.332,0.054,0.976,0.187,-2.046,-1.458,2.183
18:14:56.533,0.056,0.978,0.179,-2.099,-1.611,2.107
18:14:56.736,0.061,0.975,0.193,-2.435,-1.351,2.153
18:14:56.933,0.067,0.979,0.185,-2.374,-1.565,1.924
18:14:57.139,0.056,0.976,0.180,-2.183,-1.344,1.977
18:14:57.341,0.062,0.980,0.179,-2.229,-1.542,2.191
18:14:57.544,0.055,0.976,0.177,-2.137,-1.710,1.969
18:14:57.745,0.054,0.982,0.190,-2.282,-1.511,2.107
18:14:57.948,0.053,0.980,0.179,-2.130,-1.702,2.206
18:14:58.150,0.047,0.979,0.178,-2.038,-1.580,2.099
18:14:58.352,0.060,0.971,0.187,-2.198,-1.542,2.191
18:14:58.552,0.055,0.980,0.179,-2.359,-1.534,1.947
18:14:58.756,0.054,0.982,0.178,-2.573,-1.511,2.069
18:14:58.958,0.062,0.977,0.175,-2.466,-1.458,1.725
18:14:59.160,0.056,0.971,0.195,-2.099,-1.481,2.000
18:14:59.362,0.058,0.979,0.178,-2.153,-1.489,1.954
18:14:59.564,0.054,0.977,0.177,-2.000,-1.603,2.229
18:14:59.766,0.056,0.979,0.190,-2.481,-1.466,2.244
18:14:59.967,0.054,0.979,0.182,-2.229,-1.550,2.107
18:15:00.170,0.055,0.973,0.186,-2.267,-1.702,2.099
18:15:00.371,0.058,0.981,0.185,-2.321,-1.611,2.191
18:15:00.572,0.058,0.975,0.178,-1.863,-1.466,1.939
18:15:00.776,0.054,0.974,0.181,-2.046,-1.580,2.137
18:15:00.976,0.059,0.979,0.184,-2.382,-1.573,2.015
18:15:01.180,0.056,0.979,0.182,-2.267,-1.565,2.092
18:15:01.382,0.061,0.973,0.180,-2.336,-1.595,1.977
18:15:01.582,0.050,0.980,0.184,-2.359,-1.504,1.885
18:15:01.782,0.059,0.971,0.190,-2.000,-1.412,2.038
18:15:01.981,0.054,0.976,0.180,-2.382,-1.718,2.076
18:15:02.190,0.052,0.980,0.178,-2.099,-1.588,2.046
18:15:02.392,0.064,0.979,0.186,-2.252,-1.603,2.038
18:15:02.594,0.058,0.982,0.184,-2.321,-1.588,1.992
18:15:02.796,0.048,0.975,0.179,-1.840,-1.954,2.252
18:15:02.992,0.055,0.976,0.178,-2.336,-1.626,2.092
18:15:03.200,0.051,0.975,0.195,-2.420,-1.740,1.969
18:15:03.402,0.056,0.978,0.181,-2.122,-1.527,2.252
18:15:03.602,0.054,0.972,0.176,-2.336,-1.557,2.244
18:15:03.802,0.066,0.976,0.188,-2.137,-1.740,2.015
18:15:04.008,0.060,0.986,0.181,-1.863,-1.840,3.214
18:15:04.210,0.062,0.978,0.184,-2.504,-1.305,1.779
18:15:04.412,0.055,0.981,0.182,-2.443,-1.603,1.931
18:15:04.613,0.063,0.979,0.189,-2.397,-1.473,2.191
18:15:04.815,0.053,0.977,0.184,-2.321,-1.595,2.145
18:15:05.012,0.056,0.976,0.186,-2.229,-1.649,2.282
18:15:05.220,0.053,0.976,0.179,-2.321,-1.534,1.992
18:15:05.421,0.060,0.976,0.190,-2.183,-1.656,2.099
18:15:05.623,0.055,0.976,0.185,-2.305,-1.481,1.809
18:15:05.826,0.057,0.976,0.185,-2.328,-1.534,1.908
18:15:06.026,0.052,0.980,0.185,-2.214,-1.496,1.931
18:15:06.230,0.055,0.977,0.187,-2.198,-1.351,1.954
18:15:06.432,0.057,0.980,0.187,-2.290,-1.641,1.802
18:15:06.634,0.058,0.976,0.178,-2.252,-1.611,2.038
18:15:06.835,0.062,0.979,0.174,-2.122,-1.794,2.183
18:15:07.034,0.058,0.974,0.175,-2.107,-1.725,2.061
18:15:07.240,0.058,0.976,0.180,-2.496,-1.580,2.168
18:15:07.442,0.060,0.983,0.182,-2.435,-1.481,2.282
18:15:07.642,0.061,0.977,0.182,-2.588,-1.458,1.924
18:15:07.846,0.057,0.980,0.181,-2.336,-1.603,2.214
18:15:08.048,0.056,0.977,0.178,-2.160,-1.481,1.908
18:15:08.250,0.049,0.968,0.198,-2.405,-1.618,3.252
18:15:08.452,0.058,0.976,0.188,-2.496,-1.740,1.924
18:15:08.654,0.057,0.977,0.183,-2.153,-1.435,2.084
18:15:08.852,0.057,0.977,0.177,-1.962,-1.534,2.046
18:15:09.059,0.051,0.983,0.192,-2.267,-1.710,2.191
18:15:09.260,0.051,0.973,0.186,-2.359,-1.573,2.000
18:15:09.462,0.055,0.978,0.187,-2.321,-1.634,1.893
18:15:09.664,0.056,0.977,0.175,-2.191,-1.580,2.206
18:15:09.866,0.058,0.979,0.186,-2.229,-1.817,1.924
18:15:10.068,0.060,0.972,0.178,-2.351,-1.534,2.176
18:15:10.270,0.055,0.978,0.186,-2.458,-1.725,1.954
18:15:10.471,0.058,0.975,0.175,-2.412,-1.702,2.137
18:15:10.674,0.054,0.976,0.177,-2.450,-1.634,1.992
18:15:10.875,0.060,0.974,0.177,-2.122,-1.603,1.977
18:15:11.078,0.062,0.977,0.189,-2.389,-1.344,1.954
18:15:11.280,0.057,0.975,0.181,-2.237,-1.321,2.115
18:15:11.482,0.063,0.974,0.188,-2.290,-1.695,2.206
18:15:11.684,0.061,0.979,0.178,-2.389,-1.466,1.702
18:15:11.886,0.056,0.975,0.181,-2.168,-1.649,1.977
18:15:12.088,0.057,0.978,0.182,-2.496,-1.611,2.046
18:15:12.290,0.059,0.978,0.177,-2.382,-1.542,2.000
18:15:12.492,0.058,0.976,0.180,-2.031,-1.527,2.076
18:15:12.693,0.058,0.982,0.184,-2.260,-1.565,2.061
18:15:12.896,0.055,0.982,0.190,-2.718,-1.641,1.756
18:15:13.098,0.056,0.973,0.185,-2.176,-1.527,2.061
18:15:13.300,0.054,0.980,0.195,-2.282,-1.679,2.214
18:15:13.502,0.060,0.975,0.183,-2.237,-1.687,2.015
18:15:13.702,0.056,0.976,0.193,-2.290,-1.603,2.099
18:15:13.902,0.055,0.973,0.182,-2.382,-1.611,1.901
18:15:14.101,0.054,0.977,0.182,-2.382,-1.595,2.168
18:15:14.310,0.056,0.978,0.183,-2.336,-1.771,1.702
18:15:14.512,0.057,0.973,0.178,-2.244,-1.550,1.969
18:15:14.711,0.053,0.973,0.179,-2.328,-1.458,2.015
18:15:14.915,0.054,0.975,0.191,-2.542,-1.519,2.137
18:15:15.118,0.059,0.980,0.180,-2.366,-1.496,2.115
18:15:15.320,0.059,0.977,0.178,-2.427,-1.504,2.191
18:15:15.521,0.055,0.975,0.184,-2.191,-1.489,2.130
18:15:15.722,0.057,0.972,0.187,-2.450,-1.443,1.908
18:15:15.926,0.060,0.979,0.192,-2.344,-1.435,1.847
18:15:16.127,0.059,0.973,0.175,-2.115,-1.649,2.252
18:15:16.330,0.057,0.978,0.188,-2.328,-1.557,2.496
18:15:16.532,0.059,0.979,0.190,-2.206,-1.481,2.221
18:15:16.734,0.062,0.976,0.185,-2.168,-1.771,2.115
18:15:16.935,0.058,0.973,0.181,-2.038,-1.626,2.198
18:15:17.138,0.052,0.972,0.185,-2.137,-1.519,1.939
18:15:17.340,0.063,0.982,0.179,-2.168,-1.374,2.092
18:15:17.542,0.062,0.973,0.182,-2.137,-1.634,2.031
18:15:17.744,0.052,0.977,0.183,-2.282,-1.641,2.015
18:15:17.946,0.060,0.975,0.185,-2.069,-1.679,2.405
18:15:18.148,0.060,0.977,0.175,-2.427,-1.557,1.985
18:15:18.350,0.054,0.977,0.196,-2.206,-1.519,2.191
18:15:18.552,0.063,0.976,0.183,-2.344,-1.595,2.168
18:15:18.754,0.057,0.978,0.186,-2.534,-1.405,1.893
18:15:18.952,0.059,0.983,0.181,-2.534,-1.496,2.000
18:15:19.158,0.055,0.986,0.183,-2.435,-1.588,2.153
18:15:19.360,0.062,0.975,0.193,-2.275,-1.496,2.183
18:15:19.563,0.055,0.980,0.180,-2.244,-1.496,2.084
18:15:19.764,0.053,0.977,0.179,-2.206,-1.702,2.107
18:15:19.966,0.055,0.974,0.180,-2.237,-1.489,2.015
18:15:20.168,0.062,0.975,0.183,-2.244,-1.611,1.924
18:15:20.370,0.055,0.976,0.187,-2.130,-1.626,2.198
18:15:20.570,0.056,0.981,0.179,-2.305,-1.511,2.130
18:15:20.772,0.061,0.979,0.184,-2.252,-1.672,2.038
18:15:20.976,0.058,0.972,0.190,-2.290,-1.618,2.053
18:15:21.178,0.051,0.975,0.191,-2.290,-1.595,1.947
18:15:21.380,0.057,0.980,0.187,-2.412,-1.679,1.809
18:15:21.582,0.059,0.974,0.185,-2.061,-1.649,1.962
18:15:21.785,0.055,0.975,0.185,-2.153,-1.618,2.145
18:15:21.985,0.060,0.975,0.182,-2.168,-1.580,2.328
18:15:22.185,0.060,0.978,0.183,-2.374,-1.893,2.145
18:15:22.391,0.058,0.976,0.185,-2.382,-1.565,2.130
18:15:22.593,0.051,0.983,0.180,-2.221,-1.573,2.389
18:15:22.794,0.056,0.975,0.174,-2.427,-1.466,1.588
18:15:22.996,0.050,0.978,0.180,-2.252,-1.611,2.153
18:15:23.199,0.050,0.977,0.181,-2.443,-1.405,2.130
18:15:23.400,0.050,0.972,0.187,-2.298,-1.595,2.130
18:15:23.602,0.052,0.978,0.177,-2.427,-1.672,2.176
18:15:23.802,0.060,0.980,0.183,-2.305,-1.595,2.229
18:15:24.007,0.061,0.977,0.189,-2.252,-1.466,2.275
18:15:24.201,0.061,0.974,0.185,-2.519,-1.618,1.962
18:15:24.410,0.057,0.975,0.183,-2.336,-1.580,2.107
18:15:24.612,0.057,0.975,0.181,-2.389,-1.748,2.107
18:15:24.814,0.058,0.975,0.185,-2.267,-1.588,1.939
18:15:25.016,0.061,0.979,0.187,-2.237,-1.504,1.954
18:15:25.218,0.053,0.977,0.180,-2.298,-1.519,2.313
18:15:25.420,0.057,0.975,0.182,-2.198,-1.603,2.237
18:15:25.618,0.055,0.976,0.183,-2.237,-1.672,1.756
18:15:25.818,0.052,0.978,0.186,-2.290,-1.779,2.122
18:15:26.026,0.057,0.972,0.190,-2.221,-1.557,2.031
18:15:26.227,0.059,0.978,0.181,-2.351,-1.351,1.916
18:15:26.430,0.056,0.973,0.185,-2.336,-1.664,2.313
18:15:26.627,0.054,0.975,0.183,-2.344,-1.489,1.992
18:15:26.834,0.062,0.979,0.187,-2.229,-1.527,1.908
18:15:27.036,0.055,0.974,0.186,-2.206,-1.679,1.977
18:15:27.238,0.056,0.977,0.184,-2.237,-1.519,2.099
18:15:27.440,0.050,0.976,0.187,-2.168,-1.527,2.176
18:15:27.642,0.058,0.968,0.190,-2.168,-1.649,2.214
18:15:27.844,0.061,0.974,0.180,-2.382,-1.588,1.992
18:15:28.047,0.055,0.983,0.181,-2.145,-1.473,2.046
18:15:28.248,0.058,0.973,0.187,-2.389,-1.504,1.924
18:15:28.444,0.054,0.976,0.185,-2.282,-1.534,2.229
18:15:28.644,0.059,0.974,0.183,-2.115,-1.611,2.107
18:15:28.845,0.056,0.980,0.184,-2.435,-1.626,1.924
18:15:29.043,0.062,0.970,0.191,-2.221,-1.588,2.145
18:15:29.243,0.055,0.970,0.176,-2.298,-1.656,1.893
18:15:29.460,0.060,0.972,0.186,-2.214,-1.588,2.046
18:15:29.657,0.056,0.978,0.189,-2.084,-1.565,2.115
18:15:29.864,0.056,0.978,0.187,-2.160,-1.649,2.000
18:15:30.052,0.060,0.976,0.178,-2.412,-1.443,2.061
18:15:30.268,0.052,0.977,0.178,-2.237,-1.702,1.924
18:15:30.461,0.061,0.978,0.179,-2.237,-1.664,1.962
18:15:30.672,0.051,0.974,0.187,-2.450,-1.557,1.916
18:15:30.874,0.058,0.976,0.183,-2.267,-1.412,2.130
18:15:31.077,0.059,0.976,0.194,-2.344,-1.573,2.160
18:15:31.278,0.055,0.973,0.187,-2.382,-1.664,2.130
18:15:31.476,0.058,0.980,0.182,-2.359,-1.466,1.969
18:15:31.682,0.057,0.978,0.183,-2.359,-1.466,2.092
18:15:31.884,0.049,0.974,0.184,-2.321,-1.634,2.015
18:15:32.087,0.052,0.979,0.182,-2.504,-1.733,1.840
18:15:32.289,0.054,0.982,0.191,-2.336,-1.603,2.061
18:15:32.490,0.055,0.973,0.185,-2.344,-1.611,2.122
18:15:32.692,0.052,0.976,0.186,-2.420,-1.481,2.015
18:15:32.895,0.061,0.972,0.184,-2.374,-1.435,2.130
18:15:33.096,0.056,0.978,0.185,-1.954,-1.626,2.229
18:15:33.296,0.065,0.976,0.180,-2.229,-1.611,2.084
18:15:33.493,0.054,0.979,0.174,-2.221,-1.748,2.145
18:15:33.695,0.054,0.979,0.180,-2.107,-1.511,1.870
18:15:33.900,0.059,0.973,0.189,-2.076,-1.656,2.069
18:15:34.099,0.064,0.980,0.182,-2.313,-1.397,2.275
18:15:34.299,0.059,0.980,0.191,-2.405,-1.656,2.061
18:15:34.510,0.056,0.980,0.180,-2.458,-1.565,2.260
18:15:34.712,0.053,0.981,0.179,-2.275,-1.519,1.947
18:15:34.914,0.062,0.976,0.180,-2.366,-1.725,1.847
18:15:35.116,0.055,0.976,0.177,-2.183,-1.565,2.015
18:15:35.315,0.062,0.977,0.180,-2.351,-1.489,1.969
18:15:35.517,0.053,0.976,0.185,-2.267,-1.656,2.069
18:15:35.723,0.059,0.979,0.180,-2.298,-1.565,2.115
18:15:35.917,0.056,0.979,0.173,-2.168,-1.618,1.802
18:15:36.127,0.056,0.979,0.176,-2.351,-1.481,2.099
18:15:36.329,0.058,0.975,0.184,-2.115,-1.557,1.985
18:15:36.531,0.056,0.979,0.187,-2.420,-1.366,2.145
18:15:36.728,0.052,0.983,0.184,-2.344,-1.565,2.061
18:15:36.935,0.054,0.974,0.184,-2.183,-1.641,2.168
18:15:37.135,0.056,0.974,0.191,-2.313,-1.679,2.008
18:15:37.335,0.058,0.987,0.179,-2.282,-1.779,1.962
18:15:37.535,0.052,0.979,0.177,-2.321,-1.504,2.038
18:15:37.736,0.056,0.978,0.180,-2.153,-1.344,2.168
18:15:37.936,0.057,0.978,0.182,-2.382,-1.481,2.122
18:15:38.136,0.051,0.971,0.182,-2.160,-1.557,2.321
18:15:38.336,0.062,0.982,0.183,-2.229,-1.481,2.008
18:15:38.550,0.058,0.975,0.174,-2.397,-1.550,2.290
18:15:38.752,0.059,0.982,0.185,-2.031,-1.557,2.000
18:15:38.948,0.060,0.976,0.193,-2.305,-1.542,2.084
18:15:39.156,0.062,0.981,0.191,-2.313,-1.550,2.183
18:15:39.353,0.052,0.980,0.181,-2.473,-1.771,2.084
18:15:39.560,0.060,0.977,0.186,-2.214,-1.565,2.031
18:15:39.763,0.052,0.981,0.179,-2.260,-1.580,1.763
18:15:39.963,0.064,0.982,0.178,-2.313,-1.664,1.985
18:15:40.165,0.053,0.982,0.184,-2.084,-1.641,2.061
18:15:40.369,0.059,0.976,0.192,-2.221,-1.511,2.031
18:15:40.571,0.057,0.975,0.183,-2.397,-1.366,2.023
18:15:40.772,0.058,0.975,0.190,-2.282,-1.573,2.244
18:15:40.974,0.058,0.978,0.180,-2.313,-1.473,2.244
18:15:41.177,0.057,0.980,0.182,-2.145,-1.450,2.084
18:15:41.378,0.050,0.975,0.181,-2.252,-1.580,2.183
18:15:41.579,0.061,0.978,0.187,-2.305,-1.611,2.099
18:15:41.782,0.057,0.983,0.179,-2.229,-1.771,2.099
18:15:41.981,0.059,0.979,0.182,-2.542,-1.496,1.672
18:15:42.183,0.058,0.981,0.183,-2.305,-1.672,2.031
18:15:42.389,0.056,0.978,0.189,-2.511,-1.527,2.015
18:15:42.581,0.058,0.980,0.180,-2.374,-1.687,1.786
18:15:42.793,0.057,0.977,0.181,-2.305,-1.573,2.031
18:15:42.994,0.056,0.977,0.181,-2.374,-1.702,2.015
18:15:43.195,0.058,0.978,0.182,-2.542,-1.450,1.786
18:15:43.394,0.058,0.982,0.178,-2.137,-1.450,1.870
18:15:43.599,0.057,0.981,0.183,-2.473,-1.511,2.099
18:15:43.799,0.061,0.984,0.173,-2.282,-1.473,1.824
18:15:43.994,0.061,0.979,0.176,-2.290,-1.664,2.427
18:15:44.199,0.056,0.977,0.193,-2.053,-1.473,2.023
18:15:44.394,0.057,0.979,0.194,-2.336,-1.534,1.962
18:15:44.600,0.057,0.977,0.177,-2.412,-1.466,1.595
18:15:44.812,0.054,0.974,0.183,-2.344,-1.626,1.870
18:15:45.011,0.057,0.979,0.181,-2.405,-1.534,2.092
18:15:45.210,0.057,0.975,0.186,-2.282,-1.672,1.901
18:15:45.417,0.057,0.981,0.188,-2.305,-1.237,1.450
18:15:45.618,0.052,0.975,0.181,-2.359,-1.351,1.924
18:15:45.818,0.061,0.977,0.185,-2.336,-1.786,2.145
18:15:46.014,0.055,0.975,0.179,-2.237,-1.840,2.122
18:15:46.227,0.055,0.979,0.186,-2.275,-1.603,1.969
18:15:46.418,0.056,0.978,0.178,-2.229,-1.710,2.176
18:15:46.619,0.058,0.973,0.174,-2.344,-1.412,1.634
18:15:46.828,0.063,0.979,0.180,-2.397,-1.382,1.939
18:15:47.034,0.058,0.978,0.185,-2.107,-1.504,1.863
18:15:47.237,0.056,0.977,0.176,-2.344,-1.550,2.221
18:15:47.439,0.057,0.980,0.180,-2.069,-1.496,2.076
18:15:47.637,0.060,0.980,0.190,-2.237,-1.511,2.023
18:15:47.843,0.057,0.975,0.178,-2.366,-1.382,1.939
18:15:48.045,0.055,0.975,0.184,-2.344,-1.519,2.076
18:15:48.247,0.063,0.975,0.184,-2.282,-1.664,2.198
18:15:48.436,0.057,0.977,0.175,-2.313,-1.489,2.160
18:15:48.641,0.054,0.979,0.178,-2.275,-1.389,1.847
18:15:48.846,0.059,0.975,0.191,-2.282,-1.710,2.252
18:15:49.044,0.059,0.976,0.184,-2.450,-1.534,2.023
18:15:49.245,0.057,0.983,0.186,-2.191,-1.565,1.962
18:15:49.453,0.055,0.979,0.185,-2.298,-1.580,2.351
18:15:49.660,0.059,0.976,0.177,-2.305,-1.534,2.084
18:15:49.862,0.062,0.978,0.177,-2.267,-1.595,1.916
18:15:50.065,0.058,0.977,0.189,-2.092,-1.824,2.412
18:15:50.259,0.057,0.980,0.187,-2.420,-1.466,2.115
18:15:50.469,0.056,0.978,0.185,-2.214,-1.687,1.916
18:15:50.670,0.060,0.975,0.187,-2.298,-1.466,2.168
18:15:50.873,0.053,0.979,0.179,-2.366,-1.542,2.145
18:15:51.074,0.059,0.974,0.181,-2.183,-1.458,1.901
18:15:51.269,0.053,0.972,0.178,-2.153,-1.557,2.282
18:15:51.479,0.059,0.976,0.177,-2.260,-1.412,2.099
18:15:51.681,0.057,0.982,0.191,-2.053,-1.489,2.244
18:15:51.883,0.048,0.976,0.187,-2.214,-1.725,1.977
18:15:52.085,0.055,0.979,0.187,-2.191,-1.733,2.160
18:15:52.287,0.059,0.976,0.189,-2.084,-1.634,2.107
18:15:52.476,0.054,0.981,0.182,-2.107,-1.618,2.092
18:15:52.687,0.052,0.976,0.187,-2.321,-1.718,1.947
18:15:52.893,0.055,0.975,0.181,-2.290,-1.611,2.015
18:15:53.095,0.056,0.975,0.191,-2.389,-1.573,2.000
18:15:53.292,0.067,0.972,0.185,-2.290,-1.519,2.099
18:15:53.493,0.055,0.978,0.187,-2.145,-1.603,2.168
18:15:53.700,0.054,0.975,0.188,-2.107,-1.664,2.344
18:15:53.903,0.055,0.976,0.180,-2.351,-1.550,2.076
18:15:54.104,0.052,0.979,0.184,-2.198,-1.527,1.901
18:15:54.307,0.055,0.978,0.182,-2.344,-1.611,2.260
18:15:54.509,0.054,0.976,0.185,-2.412,-1.664,2.115
18:15:54.710,0.057,0.979,0.187,-2.420,-1.588,2.115
18:15:54.912,0.064,0.981,0.180,-2.374,-1.573,1.954
18:15:55.113,0.060,0.973,0.188,-2.214,-1.519,2.107
18:15:55.317,0.053,0.978,0.183,-2.252,-1.450,2.099
18:15:55.519,0.056,0.977,0.181,-2.244,-1.672,1.992
18:15:55.721,0.051,0.979,0.186,-2.252,-1.573,2.267
18:15:55.912,0.056,0.975,0.178,-2.420,-1.771,1.855
18:15:56.112,0.056,0.981,0.181,-2.221,-1.496,1.893
18:15:56.327,0.055,0.980,0.182,-2.397,-1.626,2.069
18:15:56.528,0.051,0.979,0.184,-2.099,-1.733,2.198
18:15:56.731,0.055,0.973,0.184,-2.496,-1.313,1.626
18:15:56.933,0.057,0.972,0.177,-2.374,-1.603,2.023
18:15:57.135,0.049,0.981,0.182,-2.389,-1.618,2.183
18:15:57.335,0.059,0.971,0.181,-2.298,-1.702,2.061
18:15:57.535,0.059,0.976,0.180,-2.092,-1.725,2.221
18:15:57.735,0.056,0.977,0.185,-2.290,-1.466,1.824
18:15:57.935,0.055,0.970,0.187,-2.359,-1.542,2.305
18:15:58.144,0.050,0.972,0.186,-2.084,-1.641,2.237
18:15:58.345,0.055,0.980,0.195,-2.115,-1.534,2.183
18:15:58.549,0.053,0.973,0.186,-2.374,-1.450,2.053
18:15:58.751,0.050,0.968,0.191,-2.397,-1.534,2.328
18:15:58.945,0.053,0.978,0.184,-2.290,-1.763,2.374
18:15:59.145,0.054,0.975,0.189,-2.397,-1.702,2.076
18:15:59.345,0.060,0.978,0.185,-2.267,-1.527,2.053
18:15:59.552,0.058,0.969,0.184,-2.412,-1.611,1.962
18:15:59.761,0.056,0.976,0.187,-2.221,-1.496,2.176
18:15:59.963,0.059,0.977,0.191,-2.511,-1.473,2.023
18:16:00.165,0.058,0.980,0.188,-2.206,-1.649,2.260
18:16:00.366,0.055,0.977,0.181,-2.344,-1.618,2.206
18:16:00.568,0.056,0.975,0.183,-2.321,-1.511,1.817
18:16:00.771,0.069,0.975,0.179,-2.137,-1.618,2.038
18:16:00.969,0.054,0.977,0.183,-2.443,-1.450,2.099
18:16:01.169,0.057,0.977,0.182,-2.206,-1.786,2.038
18:16:01.368,0.063,0.981,0.184,-2.275,-1.519,2.359
18:16:01.579,0.058,0.978,0.191,-2.336,-1.786,1.924
18:16:01.778,0.057,0.980,0.186,-2.405,-1.389,1.969
18:16:01.982,0.060,0.972,0.189,-2.122,-1.725,2.313
18:16:02.183,0.059,0.977,0.187,-2.534,-1.435,1.832
18:16:02.386,0.061,0.975,0.194,-2.305,-1.527,1.954
18:16:02.588,0.059,0.978,0.179,-2.099,-1.519,2.275
18:16:02.779,0.057,0.978,0.187,-2.221,-1.740,2.351
18:16:02.979,0.055,0.977,0.181,-2.221,-1.511,2.214
18:16:03.195,0.056,0.978,0.186,-2.267,-1.511,2.427
18:16:03.397,0.054,0.978,0.175,-2.267,-1.550,1.908
18:16:03.598,0.054,0.980,0.182,-2.496,-1.634,1.893
18:16:03.801,0.051,0.978,0.180,-2.344,-1.809,2.084
18:16:04.002,0.064,0.974,0.182,-2.466,-1.618,2.130
18:16:04.203,0.062,0.975,0.186,-2.359,-1.550,2.046
18:16:04.397,0.058,0.981,0.180,-2.237,-1.817,2.160
18:16:04.609,0.059,0.976,0.187,-2.298,-1.695,2.084
18:16:04.811,0.071,0.977,0.190,-2.237,-1.702,1.939
18:16:05.012,0.055,0.977,0.181,-2.130,-1.557,2.023
18:16:05.215,0.058,0.975,0.183,-2.305,-1.527,2.191
18:16:05.416,0.061,0.977,0.183,-1.893,-1.389,2.023
18:16:05.612,0.055,0.979,0.186,-2.344,-1.618,1.916
18:16:05.821,0.062,0.979,0.188,-2.115,-1.519,2.031
18:16:06.021,0.064,0.977,0.192,-2.611,-1.534,1.863
18:16:06.221,0.058,0.976,0.178,-2.359,-1.718,1.939
18:16:06.423,0.060,0.976,0.182,-2.305,-1.656,2.130
18:16:06.629,0.057,0.976,0.182,-2.015,-1.481,2.061
18:16:06.831,0.061,0.977,0.185,-2.466,-1.481,2.069
18:16:07.033,0.061,0.977,0.184,-2.420,-1.588,1.962
18:16:07.235,0.056,0.977,0.186,-2.504,-1.840,1.817
18:16:07.433,0.057,0.978,0.193,-2.366,-1.641,2.099
18:16:07.633,0.056,0.976,0.200,-2.275,-1.473,2.137
18:16:07.841,0.051,0.979,0.184,-2.191,-1.542,2.206
18:16:08.042,0.054,0.979,0.180,-2.244,-1.611,2.130
18:16:08.245,0.063,0.969,0.189,-2.313,-1.565,1.870
18:16:08.447,0.060,0.974,0.185,-2.221,-1.611,1.954
18:16:08.649,0.053,0.975,0.186,-2.076,-1.427,2.084
18:16:08.850,0.056,0.980,0.188,-2.244,-1.565,2.191
18:16:09.053,0.055,0.980,0.183,-2.359,-1.519,1.916
18:16:09.255,0.055,0.978,0.177,-2.252,-1.626,2.099
18:16:09.453,0.058,0.979,0.184,-2.214,-1.664,2.198
18:16:09.652,0.058,0.971,0.172,-2.374,-1.756,1.878
18:16:09.861,0.059,0.974,0.186,-2.374,-1.695,2.023
18:16:10.063,0.056,0.978,0.174,-2.275,-1.550,2.046
18:16:10.265,0.054,0.976,0.186,-2.351,-1.450,2.069
18:16:10.467,0.057,0.975,0.186,-2.344,-1.679,2.153
18:16:10.669,0.058,0.977,0.179,-2.496,-1.611,2.137
18:16:10.869,0.061,0.980,0.184,-2.176,-1.466,1.840
18:16:11.068,0.057,0.981,0.192,-2.359,-1.748,2.061
18:16:11.275,0.057,0.978,0.186,-2.282,-1.298,2.176
18:16:11.477,0.056,0.973,0.177,-2.328,-1.580,2.160
18:16:11.678,0.058,0.978,0.191,-2.137,-1.611,1.916
18:16:11.880,0.056,0.983,0.183,-2.366,-1.634,2.099
18:16:12.083,0.057,0.974,0.177,-2.221,-1.481,2.214
18:16:12.285,0.055,0.976,0.196,-2.405,-1.702,2.076
18:16:12.487,0.052,0.975,0.180,-2.282,-1.542,2.282
18:16:12.687,0.052,0.977,0.190,-2.359,-1.450,2.206
18:16:12.886,0.062,0.977,0.181,-2.290,-1.733,2.359
18:16:13.093,0.049,0.976,0.183,-1.977,-1.534,2.252
18:16:13.295,0.057,0.979,0.179,-2.275,-1.435,2.275
18:16:13.497,0.052,0.976,0.192,-2.237,-1.466,2.221
18:16:13.699,0.054,0.977,0.187,-2.298,-1.756,2.237
18:16:13.901,0.051,0.976,0.183,-2.420,-1.420,2.000
18:16:14.097,0.060,0.974,0.190,-2.389,-1.733,1.924
18:16:14.305,0.060,0.977,0.178,-2.183,-1.443,2.290
18:16:14.507,0.066,0.981,0.187,-2.450,-1.481,1.901
18:16:14.709,0.056,0.973,0.196,-2.328,-1.565,1.962
18:16:14.907,0.053,0.979,0.183,-2.366,-1.710,1.893
18:16:15.112,0.058,0.978,0.176,-2.458,-1.580,2.015
18:16:15.315,0.058,0.978,0.180,-2.450,-1.374,1.855
18:16:15.517,0.063,0.980,0.188,-2.466,-1.626,1.824
18:16:15.719,0.053,0.975,0.174,-2.130,-1.519,2.298
18:16:15.917,0.058,0.975,0.193,-2.305,-1.786,2.015
18:16:16.118,0.057,0.978,0.181,-2.374,-1.603,1.863
18:16:16.325,0.054,0.975,0.182,-2.397,-1.427,2.260
18:16:16.527,0.061,0.978,0.181,-2.382,-1.626,2.374
18:16:16.729,0.052,0.977,0.179,-2.244,-1.557,2.038
18:16:16.930,0.058,0.978,0.181,-2.359,-1.595,2.160
18:16:17.130,0.055,0.976,0.188,-2.580,-1.496,1.962
18:16:17.335,0.061,0.977,0.189,-2.321,-1.702,1.893
18:16:17.537,0.057,0.975,0.183,-2.046,-1.802,2.015
18:16:17.738,0.058,0.975,0.186,-2.351,-1.611,2.008
18:16:17.941,0.054,0.978,0.181,-2.237,-1.634,2.076
18:16:18.138,0.060,0.977,0.191,-2.290,-1.458,2.305
18:16:18.345,0.058,0.977,0.186,-2.435,-1.756,2.008
18:16:18.547,0.052,0.979,0.177,-2.176,-1.427,2.145
18:16:18.748,0.055,0.975,0.188,-2.328,-1.695,2.053
18:16:18.947,0.057,0.973,0.188,-2.275,-1.779,2.015
18:16:19.147,0.053,0.973,0.184,-2.313,-1.672,2.153
18:16:19.355,0.057,0.979,0.176,-2.382,-1.656,1.992
